-40051.40992878, 3602.66659564,-8505.11559287
 1335.31425291,-41268.65069108, 889.36344613
 1684.25104334, 4017.03599633, 2642.64145132
-3699.95305324, 9224.03690784,-8634.13903208
 2264.77585962,-437.05733365, 2926.42473084
-4824.86921006,-314.17513716, 3322.30875794
-3961.55557363, 20625.25929761,-10991.17530912
 3226.47929223, 518.00578824, 351.04085426
 2008.41774455, 9742.5738496, 8704.30275932
-293.85648445,-53.44143242,-1749.72620896
-1294.40929807, 3686.123776, 3511.94717026
-1979.40253429, 1064.64260307, 939.87495873
 1997.84904149,-49296.11640643, 33596.902946
-34968.05886351,-40754.68578777,-15582.38823049
 5665.72148378,-27407.66762966,-32386.30642111
-44330.1859037, 18900.59216989,-25353.33956924
 2183.36267165, 5477.48463697, 1861.79165454
-4703.9053133,-2643.06704486, 1923.19962494
-40062.29598228, 162.45494191,-5814.55716353
 11190.99535809, 9325.47936424,-32302.64555732
 9537.46482504, 9227.86325351, 1330.16223426
-493.67840472,-1436.72623481,-4285.24358245
 19010.21734953, 3195.06839452,-35216.20474879
-349.59833148,-12500.62552651, 8534.45630566
 9412.90297553, 3785.38561471, 10139.9261462
-22983.81048614,-18145.64232025,-10541.5602455
 8465.93326396, 24950.19789105, 20888.33192677
 349.70274456,-26787.44408821, 21971.17014041
-2735.81357901, 654.85038136, 2392.63524217
-4171.03360225, 4447.49603241, 1803.9057227
 13123.33150843,-11287.53462391,-1874.66376787
-20643.96481756,-4068.3286657, 11215.70269256
-7706.70797005,-8159.2021397,-1720.9036188
-11903.19826755, 4757.47799067,-2708.01243204
 8001.04781618,-4243.12301649, 4236.73890344
-13942.48336507, 3841.77157441,-2706.14120232
-17999.09844212, 4421.63432907, 10353.75045014
-1932.37576616, 1477.76989679,-5093.17774427
-8147.76951916,-3496.30110479, 10892.08063367
 44540.16502123,-12554.16943467,-62246.59608175
 8269.84660891, 17288.11154448, 23831.22500296
-26899.99012297, 39541.90790378,-10311.62431764
 19964.05397957, 10877.82645858, 1562.84799586
-7803.40868298, 5381.81105735, 1780.63784904
-22969.50138782,-25171.65240456,-15093.09109926
-32381.76933544,-40434.89602984,-41267.24646616
 570.22737422, 12598.258036,-10373.10277399
-11723.462798, 10630.28607446,-6108.8310099
 4922.20315414,-6782.9483576,-1077.89545399
 6260.33832303, 1021.13115017, 859.42607942
 6403.74882064, 687.88892367,-1837.71159163
 333.36160276, 77.49340588, 729.76686389
 19638.69454813, 20900.00037199, 30403.54004191
-46596.62029638, 3353.72676286,-16449.41264158
-13896.05850892, 37088.24082435,-16276.49939313
-33482.20455022,-432.28816466,-13414.92918347
 1666.83791413,-32227.08994416,-3446.37443379
-55777.38581327,-15310.50546771, 9814.24530296
-1727.30882581, 3522.51974907, 91.26672249
 12484.28514718, 31050.47699598, 23970.95016609
-938.08962971, 4777.39398748, 3125.50083698
 1050.02054097, 1536.33420167,-2676.57344409
-50496.24105107, 34793.55946845,-56494.42267023
-37275.25250836, 50166.09196917,-62096.97303494
 6307.34390784,-4810.79576606,-6420.91966582
 34601.67855977,-10806.7123265,-33050.71776701
 2603.52295731,-2011.94810665, 1962.23393193
 2512.29186512,-27274.32517426, 18035.0556971
 4437.94690484,-16165.45554942,-2073.84314905
-5436.58958137,-1999.98781317, 7820.30496415
 5166.210513, 3525.65858076, 684.63020604
-3085.60531556, 4464.67136529,-1305.53860751
 28399.15761544, 6619.08191286,-31824.61633937
-11957.11504305,-3259.72682091, 7831.47687839
 376.47058626,-15179.95944359, 21532.08897585
 1750.38324195,-2300.82199201,-2254.5350141
 19620.31508526, 7213.24506808,-29916.04325222
 5996.96049669,-5516.91028252, 5877.4227997
 17892.67845888, 447.66439996, 39576.40933617
-3786.27275793, 887.55831614,-1581.45735212
 18974.14716851, 32784.10536624, 33461.79439883
 11379.52476536,-2478.88520775,-3323.48976393
-34618.40742294, 53025.88283331,-30150.35478793
 5723.34065528,-2844.35210819, 20630.62992443
-13297.57971419, 24064.29352112, 6382.78285363
-12519.78695976,-5163.96324041, 2049.63681039
 15875.15440909,-1539.43073558, 19479.75101551
 7795.91040023,-25678.47905445,-27450.89001266
-13247.66596489,-2458.27971164, 2083.45856473
-17305.77306695, 378.33483918,-85818.91035308
 2472.54402508,-1587.41145139,-795.16632941
 8676.06311918,-16003.93483697, 90296.48327632
 1755.38191388,-6543.35582566, 3830.91752425
 1950.63545127, 1411.18510963, 5359.83667277
 7743.61894085, 49706.4327129,-24386.77407662
 15827.05169875,-5898.6507838, 1455.22917668
-3543.77342861,-10166.32797182,-7526.68774372
 6178.03216548,-1977.65465572,-11916.15497536
 2707.63256942, 681.28883249, 44029.03192472
-4983.10533722, 12119.98370317,-3104.33718381
-7534.8588637, 22826.23921708, 82917.25430138
 9015.68006136,-681.2838545, 6867.87653209
-586.34071487, 3005.39578164, 5096.81179366
-15717.35600864, 6434.74745527, 9913.00375671
 31772.72207358, 754.64983954,-13897.83840437
 43791.35374025, 23745.77868797, 34083.21896754
-40300.19627244, 32731.17820169,-11184.39704206
-16634.2260572, 9208.55772054, 13638.74748856
 25893.59335874,-16634.8389661, 21011.17361369
 13278.24942651, 1684.18147406, 3388.97574487
 18199.74375813, 26653.00976424,-10579.6446232
 3530.81271012,-18642.9205456, 5276.43420962
 21484.55145184,-12635.79143579,-8983.04252793
 6236.79768006, 3538.7419384, 3575.8967776
-12357.82122742,-10200.97715097,-11646.15941234
 3633.53361001, 5854.70080011,-8167.25933364
 2788.45816298,-24073.9480885, 26434.35427489
-4155.28799318,-6837.39537948,-14463.84175658
-11269.72536116, 5811.67812605,-5581.76120464
-23350.52417522,-8174.65207982, 14041.61524838
-97.16753149,-4464.36292679, 5753.12451201
 663.26606466,-40622.0672126,-5272.61266676
 22903.61544155,-6876.10991031,-633.57537204
 1097.73346239, 660.03032077,-4065.21536109
-4057.64508237,-3504.18406118, 5737.24028577
-2269.98441812, 24949.84215479, 18246.45116212
 4833.84859382, 7180.36541473,-2508.09010976
 8502.4675712, 22393.87741679, 4181.27635697
 7852.97282452, 1943.65800746,-7335.76980947
-6724.29797459,-34080.12032985, 4663.07949698
-1224.33550725, 846.08066497,-3664.09233384
 10286.78545291,-69.9109965, 1630.00919368
-1219.27561295,-4446.57272818, 6312.20252533
-3518.95966411, 3959.23940054,-17103.38054123
 3546.62038327,-992.25655189, 2524.09868763
 11469.3199318, 15653.86827956,-6495.43885762
-4961.150005, 4385.64677104,-16194.33247693
 33994.29625073, 13990.56787944,-41207.48564473
 2632.43329635, 122.9124939, 1720.82524527
-22763.3326944,-3409.85825967, 7171.27955322
-2804.48066997, 36597.39088514, 8430.80807904
-15465.65027052, 24837.0198527,-68887.02901965
 4963.77367185, 21297.38242639,-994.1002892
-4644.86584552,-5100.65854678, 11548.9264193
 3442.69197269,-683.90076247, 810.00038797
-1442.87411226,-3658.60804188,-5094.86036994
-18308.67466849,-23193.83887972, 37276.40274966
-2937.75674971,-8876.22237955,-1406.57086
-5179.31749005,-1742.53828364, 3548.39484474
 3377.36358276, 35019.85241965,-12345.06459045
-43406.12968411,-10969.14529329, 3534.05238461
 416.58608883, 11259.440666,-4911.16247392
-15416.50582447,-4014.96201071,-3893.55945363
-5590.5434462, 6597.34866337,-4924.35156381
-4833.89877676, 1357.03024263,-900.06504088
-1119.85157185,-2962.29750689, 2129.08246368
-21840.09224089, 3901.20851408, 9506.5988578
-310.61286575,-1252.17901546,-17680.26088256
 10216.7138104,-3808.88495213,-4668.68442577
 80510.88111068,-14111.34738353,-5666.43638565
-455.3480848,-2537.92798248, 6831.15291951
-25489.61922554,-24380.09245122, 4703.45999182
 3770.20940678, 4527.45670224, 7793.70802971
-5762.2701221,-986.17553998,-6832.65806254
-40802.01734307, 3302.78275321, 40078.4014581
 19629.85014294,-11070.76933955, 8459.21329536
 13666.81387152, 7035.43957113, 10634.55871263
 5066.34011103, 2833.61291285,-6471.64532806
-21571.13380507,-46061.7085763,-75014.23142203
-2536.50231163, 23469.24816435,-2614.90100006
-3123.25026496, 754.47530823, 9999.67343034
-30741.8936321, 10382.15574231,-35389.59019508
 746.18691677, 502.1108671, 907.1398751
-2131.83408226,-507.07873784, 3617.86014134
 37109.26453544,-19971.46707643,-9488.5061292
-3241.97637519, 1552.1117468, 253.6177649
 8651.53341269,-5547.03249434,-5238.29857237
-13180.85797467,-10215.26543956,-24156.83027925
 44895.86845851, 44489.77349597,-50542.17542424
 5275.06871843,-4427.21961113, 1506.8986712
 24043.97955935, 30812.89070485, 12560.08282376
-9893.92317772,-78.69032162, 2165.63879851
 9288.68821257,-38834.53831955,-15058.59385489
 3412.2322161, 7213.36189409, 6068.14501315
 1944.3930313,-3119.34314154,-2146.75824793
 1317.03202502, 14636.49296797,-8344.05011216
 35155.91916055, 23945.63421084, 841.37161875
-4039.60515701, 27759.91940521, 31237.42105972
 3176.57329696, 1473.42816424, 2592.68909164
-9690.82823232,-3982.61082121, 15713.13766811
 18285.49899258,-32163.12538788, 40988.80159657
 29869.85205896,-40527.26923571,-1095.86426855
 3113.95858129,-22419.97050333, 39451.79896588
-12042.37446602, 4308.07672846,-18684.25443137
-6899.78982155,-7307.31288965,-696.30298824
-78027.25699117, 18318.44527602, 26934.43079496
 182.33236316, 2271.39356879,-1108.20048085
-7266.48548581,-9387.01379116, 12175.08111049
 4774.38167339, 20378.27975234,-19349.96462071
-2743.10433055, 6061.50171178, 2797.64353663
-18425.80109653,-6753.61778016, 24544.49806561
-43431.3341927, 14988.29169288,-38495.70484408
 69334.765212,-12063.50748499,-38271.72048113
 2750.26234602, 6951.59476634, 17246.53556005
 54181.41243947, 44517.86714066, 44271.54015338
 86.20514314,-591.58139004, 1824.20300885
-1969.76462742,-1088.03314328,-2436.13117735
-12711.25762948, 19825.02721405,-21249.52618131
-13231.94871121,-7893.21946548,-12070.43695063
-11450.47791971, 9933.65638295, 19983.20361821
-2250.35386411,-3107.19508399,-2517.15236774
-3282.86410993, 4072.54259153, 1091.66610667
-19016.00302399, 13155.11833489,-15071.06951424
-8931.08878039, 2115.13300408, 16892.38648069
-11140.04626962, 2304.36498418, 87534.36236509
-17629.25696752,-39206.17461999, 28423.96564637
-6520.69900941,-1019.92869547, 3211.15091358
-31191.18305659,-13191.52051333, 6144.99171626
 3078.0226673, 4200.61590727, 2139.79011211
-6585.95748704,-34501.91815172, 47315.2063842
 3826.0724976, 263.40074704, 10157.09435895
 3297.3578861,-7790.88771988,-60.35800915
-1016.65151132,-1089.08764534, 138.68134847
 10563.40956086,-5150.13035322, 11482.60386891
-5478.64150168,-2258.33607818,-2236.35204812
-4682.2858951,-13687.7019328,-15284.78429752
-1312.40544985, 15052.20730349, 5626.1273157
-27115.94998917, 10151.7817833,-19826.11457964
-21780.1909639, 845.11882808,-12851.77787785
-3016.52751736, 18406.69356497, 1844.30312914
-8862.02107699,-10652.59575971, 6401.56872772
-14248.7503876,-20729.68099417, 2850.7915298
-2719.96769196,-3936.91841706, 2533.96895557
 23892.86208711, 47799.39911638, 23990.49198524
-3826.59529763,-2277.57021357,-3693.35300197
 8504.46277495,-11224.33148361, 16638.71944861
-1766.24050054, 2190.50716969, 6513.60042815
-44260.1359896, 42685.90173045, 13578.77985828
-1617.38758178,-791.47899522, 3214.62957568
 558.80562593, 11248.59671745, 26956.37148629
 14612.33252538, 5285.77498575, 2507.09642571
-464.69592096,-2389.33414341, 471.81823159
 20149.78300867, 3041.34466266, 1700.63663325
-7880.32798462, 8940.42343195,-2496.17252445
-11211.35200105,-35966.77082804, 8240.89966187
-6995.64774035, 15806.269011,-1593.07869657
 3444.13850606,-2484.61435132,-373.94421878
-12189.73552172, 15165.18777993,-325.3184788
-3524.90796328, 2922.57311582,-2624.30888447
-711.27204823,-13060.97119292, 12235.55077192
 19427.63580062,-3529.12330728, 16813.51657011
 44868.11774974,-9328.76177207,-21349.31900395
 55749.46053266, 22314.91576609, 60512.7721125
 680.39418622, 382.66914105, 502.05626879
 59091.44686888,-4906.21746796, 2164.12569285
 38737.66499252, 39620.10418309, 5897.73895015
-26238.9562882,-5781.39560757, 14045.32221012
-6947.29520061, 939.16506949,-6822.10295826
-12368.97124646, 25512.53445864,-18401.32261794
-1106.42771463, 111.85524371, 10930.97347342
 2136.72757585, 999.74037264, 1537.70066392
 16166.78209222,-5927.03019083,-755.34971551
-1616.01634881, 206.21327331, 123.76459491
 1136.67146729, 6493.22853346, 6490.21282403
 9896.40603358,-33387.75360486,-4974.72926334
-5054.98102298,-2524.76055085, 2085.14147021
-3234.49890296, 15069.24609696, 328.25723353
 135.30342025,-9250.40529122, 3498.29428611
-49141.96706567,-34442.66287029, 3318.59130075
 18150.6144301,-14194.47556039, 28032.90955038
 6803.26594677,-10553.92781698, 4881.49130118
-5281.08125796,-10059.85517864,-56324.87769019
-1315.98824248, 3913.5451594,-704.00589799
 3364.54670058, 4756.38846515,-3615.21035307
-3343.32140715, 2416.89156559, 1886.16824689
-9329.32739048, 1820.01047885,-2454.202886
-24898.15136696,-5644.76203351, 38705.918058
 1172.73838648, 2132.5215027,-982.66392707
 7263.54152291,-32854.04270015, 48274.31165672
-1736.22395671, 1213.78377374, 252.17574262
 3628.27678819, 6763.45661899, 1770.14691814
 4558.28197767, 81238.28104229, 14448.53151496
 13415.52190101,-1257.70291226,-26359.01151588
-10050.08493267,-15803.02159517,-29259.36975493
-2331.58164934, 9203.67690762, 12507.30904841
-24670.74515886, 49030.20575473,-10491.04137699
-44450.25104675,-44117.14108245,-38394.79245047
-20198.00974192,-2438.0429957,-29416.15679489
 11726.66096467,-4298.06733968, 2525.28902786
 14031.97077938,-12383.57428946, 497.24715898
 8022.11085585,-12043.48953163, 9476.18481726
 5648.65570803, 25525.00635497,-10186.00058573
 1549.25511134, 2492.98705849, 741.30151429
 12558.14077306,-8062.43790425, 5902.2026891
 10960.12003614,-2261.47377413, 231.28701734
 2063.75571486, 1941.18170715,-4079.50646308
-13183.68535344, 9041.02876266, 966.63840286
-6697.52033188,-10327.56303032, 10574.06823997
-1108.00903951,-736.84917834, 15072.9242624
-1771.51859511, 473.30387805,-3224.46262183
-8919.27599821,-3916.34780346, 2010.19481565
-684.63583824,-23417.31924954,-6307.39579208
-52973.90920233,-63562.47017448,-14813.56837635
-3612.02756049, 6092.9377399, 4354.3690896
 3611.75372194, 1967.60745209, 2914.16154495
 2690.77876775,-7947.30307061, 10721.64064677
 20492.01600134, 3331.77154056,-828.73898212
 549.67123982, 39652.87265034, 79950.75815239
-16541.13387848,-3170.70413919,-3739.30178993
 32780.1713524, 8530.05236063, 24936.70434752
 22810.7975193, 19157.26493825, 43618.85461842
 10664.10196564, 6418.32635375, 4668.48441381
-3663.24951095, 30020.66792919, 1251.38112024
-1704.91094306, 1752.25495424,-1776.99458754
-1186.82870716,-3895.60944421, 4086.88976147
-3372.00383413,-7092.39846313,-7296.9569667
-12532.09256963,-60194.10178074, 3096.95000419
-1540.82963455, 501.98600166, 667.76523913
 50538.22401391,-6122.95034061,-11531.53784035
-452.89349907,-2323.0585409, 213.27711159
-9473.58374022, 3432.50984112,-17085.34790276
-20303.03825788, 75101.14863558,-52745.40653778
 14017.95688583, 15075.02381646,-2183.48836393
 40471.23459325,-22722.06911279,-3472.72262291
 3884.17331386, 1080.63949455,-5603.52825178
 963.33174746,-1054.75754352, 5086.03947566
-19617.83995422, 1559.42036934,-24398.01131067
-2477.64110526,-13449.8714973,-11860.59239969
-1014.26553729,-3222.60460701,-2027.80608404
 378.94623444, 3926.24694624, 1000.73539682
-1536.61460017, 9430.50636314, 2189.61430048
-9389.90125318, 7293.74769754,-18143.85324579
-6522.87605556,-4397.53542386,-12884.58912435
 4826.7894559,-6738.36619343, 228.51431564
-3040.75360967, 10928.03613923,-2917.88985101
 385.05964517,-7019.06567047,-1747.9702637
-10506.28531203, 2064.45016346, 2706.14002141
-33509.22204671,-11291.17113757,-6178.83823831
-39543.83164334,-23325.16829781,-42104.23267314
 66375.64059264,-58379.10677526,-41368.19735345
-2479.40126013,-1319.76355615,-4526.43718871
-644.31703122, 2624.47041854,-3517.27990266
-6216.59663876, 11030.26840099,-6004.30200124
-8008.49809927, 5859.11486707, 35452.24227844
-14134.27211201, 26201.05098978,-33303.90880763
 21098.23354539, 26538.1172285, 40958.96348146
-1781.66602506,-15310.12834169, 12918.84759817
 26635.95192054, 26666.69410061,-5351.70354932
-31080.67685664,-21987.21938493, 48525.90455383
 1037.95530436,-826.64679923,-697.24058616
-6232.11518003,-999.56210471,-1329.53935431
-1760.612033, 2302.68381176, 2961.68343168
 3749.34633664,-2072.45960341, 5018.41248293
-46743.85689811, 45409.7270467,-42069.07440194
-800.17367789,-1211.12537892, 14.53392641
 45071.98889763,-53165.91639036, 10239.71673709
 3996.68519526,-32759.13532885,-6584.5300505
 1825.58624216,-1528.90238648, 2671.65130257
 4683.42513976,-6756.36832279,-21268.74728751
 2691.59219529, 4252.47672925,-4816.92045377
 23842.7904957,-33420.22225515,-28159.28749664
 2146.04949238,-2088.2597537, 2513.32536241
 7024.51699599, 3860.21918534,-3389.47658397
-12567.91507671,-8041.74491023, 3763.74477397
-9265.94020349, 22339.44424378, 70059.70202159
-20407.63837287,-3044.25669506,-14472.19745279
 23232.17699894,-18778.33934262, 17278.37781815
-19440.61653623,-6183.80892697,-17504.29136828
-9208.59481695,-1876.47946249, 1091.70836992
 13750.22745844,-19069.50842606,-3192.91885877
 551.02974756,-13785.08031447,-2281.26922778
 20410.72670418, 10188.92036165,-20889.40635069
-5943.08895685, 4287.58628674, 4726.92924712
 11276.1663458, 15181.47652855,-15278.31200581
-3579.83543552,-665.24610408, 2419.22587111
 17999.71214695, 4637.43977798,-2287.23113421
-43531.8064112, 51450.06669668,-24873.06558527
 11984.62110906, 9336.45891261,-6120.97042894
 21122.22869006, 2061.8248489,-2278.63131654
 23954.56867258, 23190.3798992, 123.29572913
-4038.90116903, 2254.99948885, 3192.00917553
 16413.16886795,-11118.4086119, 7139.52441534
 1508.08748579,-147.32778646,-3554.07068259
 20039.42283157, 5389.53833252,-16759.43538043
-9087.23398186,-15515.57794962, 1468.48013628
-3186.16831277,-5599.22683827,-8023.25313214
 4286.26060023, 6321.11300058,-4517.87022602
 1977.73806966,-873.75284887,-2630.43586081
-39016.12460287, 10029.01519786, 16304.28388386
-148.0503296, 12964.76409181,-4586.82594008
-1981.71779801, 15216.76413951, 29923.12545188
 2476.46660692,-47519.35432685, 26085.1615456
 6567.24271403, 12048.03330429,-14298.90136026
-16873.791378, 35877.49500554, 49636.72185651
 5453.59419816, 9000.45278767, 2987.4567879
-12004.86114475,-9019.89529096,-8214.83745159
-9116.7972735,-17956.59872572, 9074.09272465
-15413.00123017,-35913.7107908, 28146.49764928
-20990.51705063, 1834.76711787, 20355.90261736
-3237.59557135,-7061.60225214, 5830.96096515
-142.38520374, 2820.43239908,-7057.99133355
-2532.24408193,-708.54224815, 1150.9286277
 1584.81710816,-5279.67298596, 1991.70219314
 2908.62744723,-3713.62522108, 2161.91978658
 23743.53636291, 42479.8302783, 23985.35014347
-14781.12001417, 23136.33100475,-56550.34138858
-574.02984624, 13768.67657697,-40834.72043026
-4170.63019743,-19279.72336741,-36522.99242805
 1847.55790113,-8153.88989008,-18660.97724953
 10454.64579514,-3261.29267073,-30706.81518206
-2006.30554933, 4134.87314975, 6998.08276199
-28783.38213539, 7620.8994162, 1862.40422357
-16323.97438107,-4794.05636904, 5537.18718591
 1034.0443887,-365.81856528, 2274.03082291
 25762.38308617,-3095.08349616,-13721.9427539
-3311.61275229, 11625.04140588,-14207.60920284
 6218.49329513,-4880.47268555,-5676.03584359
 5143.98838493, 7961.89046875, 12273.36178766
 601.29353821,-4919.8752855, 22477.37097645
 11322.60548228, 44120.70849395,-38324.29151745
 226.69167221,-4441.70895192, 1156.90607023
-50417.19086369, 26098.11961406, 19211.7258825
 171.55931328,-5258.44599701,-5436.97631238
 8944.03634363, 8463.38874206, 6154.04601334
 57.7722051, 10627.75149692,-5618.65902193
 529.84824879, 431.00493042,-10546.16320067
-18148.35277786,-6055.00332643, 29424.80813337
-4888.85274173,-58550.21131519, 30260.10343952
-23510.3112961,-22528.96367145, 6241.9629588
-3779.49024798,-11091.39007839,-9439.67368221
-8107.86932837,-12326.47827475, 12991.87060147
 30634.7370028,-25817.79405412, 35574.43798845
 6619.36161135,-6697.97838902,-499.28957763
 387.21079263, 945.66059632,-203.785947
-1301.11494226, 1210.69861381,-876.92918239
 17265.01467531, 11444.90836666, 633.83731511
-3688.25345244, 5977.50010265, 11948.80132668
-2511.04358345, 8649.73639178,-41.33754455
 19417.06068962, 26599.89047981,-19221.69124942
-26491.70826066,-13368.38319148,-37545.68579824
 29659.51285457,-38716.28048824,-13133.6300185
-1325.20299017,-1631.35746877, 640.62975077
 36836.52494198, 494.41096205,-22338.47609254
-5465.04528013, 9365.50902453, 4532.87438851
 26217.91114357,-2657.77475355, 3933.24372585
 9342.06638503, 632.81640281,-14218.23469133
 17916.42927117, 55697.03778259, 7854.78335144
-962.48314251, 88478.19648596, 31008.94240994
 59424.5057831,-2185.4877946,-32350.7283278
-1593.56855999, 1745.68016417,-1182.61321452
-2742.14011272, 685.06042558,-10856.49769738
 2999.35085949, 1270.15290512,-1185.16466717
 280.56300269, 808.71893094, 2710.10864996
 3275.49667208,-5067.63365675,-20334.15016338
 53779.39147176,-48362.10448564, 34415.84934361
 13970.37811199,-5512.66381776,-6177.32203029
 21867.04019896,-1024.33782527,-17636.3645585
-39181.26393296,-7013.3097962, 23631.27757803
-6302.95639032,-479.30058378, 2228.24245281
 54227.83736715,-41261.0246718,-13165.26268157
 8431.49968753, 36278.73427184,-38887.15079187
-1219.94113615,-22325.63369729,-47736.14226553
-2509.61721661, 1735.38973826, 2253.38192641
 11334.51727019, 1153.72653845, 29321.32306434
-6363.41764093, 12768.7097652, 1120.28810528
 11634.88323709,-4146.2685104, 9961.39563966
-848.69996118, 1351.50296804,-10103.46726578
 41499.27135644, 10633.23752401,-3658.16010927
-17399.10148874,-41799.51537777,-56644.66526533
-32090.44093243, 23695.75112823,-5700.49972368
 16327.90569086,-6556.09148464,-1409.50319714
 29187.94395376,-6820.1618223,-14921.18831731
 649.04420266,-6135.38132706,-1563.55141971
 17947.69452674, 7657.24007499, 21673.54967913
 8142.54584076,-9761.15970734, 11.17627476
-6087.61075786,-4527.65943818,-5502.85686108
 3621.96917231,-6504.65128688, 3457.17607834
 4415.05541563,-5145.82662515,-6544.61821812
 14994.1437001, 8752.08575239, 19415.42977961
-27292.5842168,-3352.0538271,-59998.05966377
-12613.47292289,-8654.38543896,-8860.60679138
-15297.04711361,-4281.12678017, 11925.9570941
 1921.5943321,-23262.59256925, 37745.14217781
 15023.51808044,-13119.72563292,-2479.10620012
 1877.62030575,-82.40583295, 2030.1324934
-1489.46551398, 12988.54839596, 2614.03479162
 7734.06147831, 3713.64228818,-4370.89412387
-16667.09201835, 11595.31110692, 9544.63344726
 255.16791812, 1345.68112769,-2985.13097163
 2863.30461272, 7137.44160174,-3649.5785037
-10000.38020112,-4594.92671358, 7726.85526409
 1094.91228506, 148.6940823,-1693.25182338
 21171.37828056, 29466.27019523, 63992.19103011
 1553.62405388, 10263.43210674, 5598.30187507
 1712.08497014,-875.54142961,-4215.20101968
 5502.74321265, 691.44793686, 710.01722839
-5004.95182236,-5962.72136445,-13296.15060943
-5853.09119337, 2625.45046995,-211.09205473
-19163.31788573,-12418.09225378,-8061.22182797
 4948.77463802,-473.55034082,-4065.13305488
-4020.11525154,-5421.54209406, 5225.52106836
 2887.2334994,-3830.73149526,-5064.72909174
 7157.71251921,-3388.02113377, 33988.99576641
-17798.52433459,-20211.09143654,-1549.33894914
-1457.60122117, 11395.35356752,-10262.09542572
 60664.0960346,-2173.0506703,-26411.91409103
 5009.73686406, 8338.3389882, 8939.42779936
-419.09252648, 9248.19300736, 3778.93122822
-2158.50325511, 3058.07927419, 3698.07548609
-32302.31278654, 27645.7350852,-23514.13784037
-16547.63907296,-6950.0032697,-17937.48152384
 4420.02482635, 5203.67299278,-1944.57329602
-69171.47266778,-35605.92708949,-24095.83765654
-4273.15491657, 4392.59775269,-1109.24086075
 2446.63648228,-3474.34533815, 10917.45074702
 12856.87780855, 44651.30927939, 754.7232152
-34301.04168068, 68553.06409972,-36240.54654325
 4253.35206064, 12301.41210389, 13385.32850352
-2651.8846672, 4525.0582797,-1199.12018031
-3238.96343886,-838.06244185, 1459.92423786
-8843.16368131,-1117.33676964, 4890.64853583
 2017.01485529,-10135.82229209, 204.13530294
-9074.75344986,-2666.6645307,-10214.3281284
 685.71747306,-370.24632933,-1012.05617024
 15463.02328241, 30997.55406247, 64284.8257317
 2725.44061093,-4465.5047967,-3234.87594032
 7211.86632858, 3836.05858053, 7279.61147045
-8351.63603446, 13955.09285911, 6658.5797177
 839.21633063, 845.52704526,-6673.18914687
 1160.41598141, 1424.03100498,-1321.75633936
 562.38227721,-25624.02164117,-22264.5672133
 705.1773888,-5489.78248229,-1515.1239957
 5335.19109143,-1838.69508305,-7929.13371311
-7119.1723016,-11608.44477018,-14875.75345979
 4538.56886893,-1585.51764491,-13738.66842804
-42165.04046778,-1435.17673273,-13984.5337134
-5888.90638876, 13711.46203002,-7586.5301321
 3006.29403501, 3366.14374927, 2975.3446418
 7240.74342402, 2689.11963761,-26594.81509097
-16550.22781435,-17966.15798807,-8149.76230431
-22368.44404465,-22399.10138312,-1125.31879151
 1122.7397971, 8301.10453679, 22920.25663005
 29858.67945812, 19239.14174492, 1315.45376468
-794.09922437,-803.33674196, 163.92027714
-24128.63292559,-2121.84341541,-27061.07713413
 45.7502012, 5943.38466143,-12387.79934064
-23540.4922983,-1580.41567587, 12997.35275291
-20246.99254708,-2847.57098926,-8351.89438135
 4842.7483175,-5244.37604277, 1808.29520095
 3885.68412705,-743.38058316,-1839.80812783
-1811.84089933,-11388.74318708, 103.37498302
 2774.06083755,-29602.20165629, 3336.60729363
-58837.17065853,-69417.89557608,-28967.22145917
 19859.53803134,-4933.88153411, 12214.4424158
 7730.15011999, 1203.6276804, 5800.27986209
 3605.16505824,-41197.00626864,-50759.43869537
 23427.13756373, 9663.37091257,-29691.65557396
 15973.79853812,-23438.23818647,-41539.12838555
-47392.39641304,-8930.92476831, 67252.78394675
-20065.55782251,-450.2989068,-1300.44804457
-1454.19800775, 9361.70452954, 1069.28309374
 3876.65612892, 2430.85386939,-1847.43665655
-43185.44334224, 17753.7438204, 42429.86880879
-1182.24924491, 9217.14069096,-2691.02931815
-11876.63713888, 3151.96055871,-2112.80128069
 9710.65664838, 9894.48820787, 23818.73542827
 2112.81370333, 18565.03203464,-53040.90986484
-10384.76153283, 12255.07522489, 7337.39537929
-7768.38852087,-7095.55355135, 680.97236412
-4212.22187777,-5274.86632168, 8528.78154683
-12553.04714491,-22473.27226066, 9886.81466715
-48677.59456106,-12616.47048783,-9556.31228653
 5662.33729025, 452.89988293, 866.38509678
-8388.87174119, 36107.33931056, 34805.2713097
 22914.46576724, 2711.50355402, 6130.21006434
 12311.32155257, 6550.61249678, 12781.2154318
-25996.48550997,-8159.08182035, 8420.68195763
 5909.2113389, 889.9955741,-5950.61052388
-10671.90034551,-16705.66614135, 2473.68009103
 10154.37285532,-6017.33621007, 5907.6881283
-1403.51122312, 3878.60177732, 3578.48132133
 8923.38391861, 31696.84070645,-19565.87056974
 5693.1777282, 2822.04793858,-4669.8419546
 34749.46901519, 19783.79813491, 25279.76347881
-5437.19380124, 1030.33664766,-4755.88198961
-8384.03335774,-5572.3579484, 11755.41579983
-2446.91116545,-8218.27313859, 6834.91295059
-1489.39760725, 40.79796037,-7447.55582275
 448.09938977,-2.39629399, 355.91217471
-1518.84099107, 14460.12020896,-16307.10598589
 3479.31740824,-471.10098065, 5527.58848252
 1244.87400035, 2238.47360827,-770.55569878
 1088.85460921, 4925.72572758, 3730.45865181
 10882.99022294,-22482.54067078, 16726.76754374
 43063.78029833, 9396.08819687,-38803.03471586
 18174.07420943, 52487.30599599,-31552.13750341
-7836.22207577, 5336.13564233, 4039.64408613
-6775.47554931,-6327.30091735,-22849.90617564
 13418.40574043, 6592.00882393,-17208.93085747
-708.01678454,-2093.54034952, 433.40793151
-4676.90713908, 3004.8405044,-8221.12457459
 987.97779017, 1731.37817414, 3206.15761412
 767.66088879,-451.45036426, 642.09976427
-19145.16956703,-38248.47481655, 30186.95433911
-9275.56243803,-13312.81704613, 213.42440102
 10388.68708572, 2266.93595681, 1597.1979355
-3510.40410776,-9695.63780823,-410.09471914
-1795.39987763,-1685.50746446, 604.25831879
-10674.48245373, 601.13619789,-2156.0878076
 2182.05413532,-29463.49686943,-26308.8982257
-9764.30711653, 6561.6960091,-12786.04235274
 2112.89992866,-3322.07537954,-4961.44667191
-31264.2467318, 21212.85056962, 8174.89349478
-31181.19116391, 737.50951711,-10971.29549316
 10516.28774308,-2834.40788618,-11924.55538407
-38051.65285356, 35005.6352952, 12094.25423314
-22075.75610198, 739.1176365, 8244.85366916
 2636.0038089, 12056.81538842, 3701.0324734
-52165.41277176, 21159.30401001, 48188.68439354
 3365.28523977, 3498.88842721, 3413.53278876
-2697.23168322, 6783.13066156,-794.27189376
-28449.32127176,-34011.06165962, 15226.68358509
 9906.2338082, 836.61229011, 24594.74710037
-8627.51093389, 2848.33356217,-1652.00142208
-162.61126756,-3502.32417546, 2200.06072536
 4822.19287402, 3417.47127126, 600.22020577
 728.07588472,-1175.07918883,-4498.24306781
-8270.64187834, 16596.41827238,-7715.23994783
-51134.10449834,-43820.96145466, 21608.64098829
 8786.90032431, 8455.77684247, 25886.97991676
-36559.79804217,-4174.62829568, 11625.12073331
 2032.11898308, 2882.29765087, 1015.06239327
 23646.24761166,-33235.17665242,-17763.53187759
 11425.65653457,-6349.69391418,-2326.23945972
-4718.7438119, 3469.58747533, 1647.60014754
-1827.82658076, 2092.46891413, 137.39457491
 1879.78099515,-80028.41544976,-29213.63993164
-73.17439747,-341.48236532,-2400.23234996
 1747.3976899, 1339.38517651, 8620.97351311
-7246.42862276,-10482.14129091, 16104.86155296
 7650.25595902,-9.66728617,-38081.91254712
 15016.37881132,-42373.14953592, 21659.23249834
-1455.97105529,-2294.12749586,-9960.08829931
 27109.98772392, 16468.74642989, 64242.13459214
 21029.95776595, 13709.03426482, 6713.46857681
-751.87786603, 1808.91164563, 5004.94980223
-9465.18165214, 1537.46289076, 1403.1791152
 59657.04226315, 14771.71572741,-845.53657246
 2795.20272325, 2098.85551706,-2141.95271765
 28014.40124477, 58514.12201227, 10053.07407655
 3006.56420812, 7911.21290569,-1415.06242661
-2371.49693933, 44296.59037781, 24691.92894025
 2625.79433614,-1113.98890788,-1196.75159265
-28831.68913689,-61153.97481488, 31036.07627393
 3433.27036799,-2242.73123617, 2254.20972109
-3209.16980645,-579.64294703,-683.56528579
 49001.79553492,-13823.7018083,-40722.88271563
 16472.76309795, 17083.62095814, 5592.7860555
-851.9167602,-897.49824932,-1087.66131525
-15473.13995839,-18514.65472691,-2299.90902427
-4336.54794768,-23367.96252359,-24333.68410153
 11372.14935529,-40557.14453022,-79885.81573846
 10116.5431483, 563.62661003, 2872.78145994
 538.32625224,-2110.28725484, 2284.2169229
-19785.04781283,-2764.39019418, 5741.68506484
-4040.09521365,-4377.88759351, 10256.02830685
 2596.65493437, 2663.81477893,-7880.8072971
-27143.44297296,-2674.70523119, 126.90837339
-19242.52188234,-57618.82102247,-66255.07764124
 8469.67885729,-34845.95811932,-13574.18675481
 2514.37691627,-1938.95845328, 5365.76020091
-2928.74968652, 46.18041153,-7914.34713561
-2299.51291371, 1298.35195667, 1783.35066405
 27151.70478458, 17014.06491579, 28888.80661283
 21783.54177148, 10946.89167634,-4646.32782173
 14974.56651598,-1497.95810976, 15660.61299595
 49497.76059626, 17018.07859585,-196.33717073
-27815.48538329,-1493.28747396,-11880.57024585
-13745.53629988, 36738.80777921, 7740.73605269
 33159.52526935,-34783.51076312,-16215.33458068
 5240.16471072,-5453.54438153, 3796.69234985
-30439.24395021, 64990.09413697, 28628.02674033
 630.19371116, 9222.33140652, 15447.5154259
 3058.55333, 9369.7039131,-377.30469943
 5997.72079341, 19547.53551344, 4815.999232
-2864.82972686,-3412.76205506,-17751.68621458
-2047.99221588,-756.86351802, 5758.31820506
-377.40055556, 353.49863994, 2823.46098999
-22049.91991665,-6066.33511524, 42353.26422211
 7781.33296459, 24791.69289706,-116.44982613
-905.37779407, 4255.57053772,-2959.64702211
 4702.09407755,-11008.54412908, 14682.93153094
-2766.42186544,-2641.47933947,-1397.48384917
 19951.22126527,-69679.26414651, 8361.88143742
-17436.75002555,-37094.34492771,-1685.09098805
-7955.01687408,-1211.17442942, 18781.44493668
 7825.20605996, 8155.50388163, 1954.90939848
-3258.86029528, 5700.25085747,-4663.41475542
-8970.1276948,-12235.8328483, 10080.30331959
-4066.33923785, 1434.35693323,-1075.92151235
-721.67833884,-3426.22731917, 17537.86269084
 2481.0766374,-3647.54458554,-781.89392588
 19084.49482797, 39127.52972774, 22147.58433329
-16360.91358972,-7036.21955,-22913.64522299
 5590.68948931,-22525.66394713,-1843.64065203
 649.30891949, 5489.50632652,-1439.24160072
-940.6911657,-920.34030269,-2508.58711049
-1498.88969179, 5842.41696988, 3406.01443157
-571.96950089,-1464.78620424,-12891.53247146
 18642.35069983,-4907.67318322,-27278.12046069
 2209.91393444, 35626.08671362, 19428.63564374
 8244.46939825,-1589.56797449, 6741.89037057
-2176.61203938,-4188.76999807,-5216.4769366
-34106.49767215,-14156.55266129, 9242.09932092
-8685.58298435,-28775.38208119, 41523.38244706
-12785.25168759, 30400.50062218, 13884.98589692
-2612.76851605,-4699.43357079, 16512.2828325
 454.50960909,-199.7269273, 143.3153369
 20380.10944873, 5458.44214718,-28820.5029874
 10231.84861488,-5819.64379606,-18370.86176596
 19549.62229892,-10529.68031919,-8120.72071858
-68705.20529014,-6149.47416593,-7377.42424619
 2558.61742032, 1010.14437108,-4248.83252352
 5545.6212323,-808.65904661,-15736.31273707
 2945.03745343, 19122.89842139,-7522.38248748
 1231.97922822,-5770.1168477, 7187.43997199
-3498.20362912, 10156.74437138,-11199.02319639
 3751.20329782,-2700.30313475,-2871.69494397
 449.33624485,-8692.78543365, 8706.54116961
 26857.41439939, 8528.59056907,-24027.81272022
-28267.24538515,-4638.2831925, 15295.30146754
 8751.19660896,-19594.41750543, 3903.50333392
-49500.84801638,-41109.52949075,-15420.5782781
-18632.15139904, 12352.6690055,-13612.31104567
 1456.1394697, 56675.13965705, 24728.08569854
 10142.31619534, 29714.14902821,-42977.51823331
 2919.89956332, 19410.69486528, 1873.14263327
 2889.09681391, 8510.17338326, 3600.42591482
 14520.13921378, 138.12498863,-5617.53679423
-7824.19057793,-4047.39176314, 1410.20276668
-7710.70667593, 16354.7738786, 3943.37401941
 4510.32110893,-11053.37138527, 8265.97878084
-2356.72045021,-3973.52365874, 384.43225138
-3443.7206851,-76.63569519, 2336.58315589
 1797.96213294,-8596.24356785, 41985.52773219
-9552.18404608,-4672.37006975,-4213.94236854
-8480.10203814, 3131.1188976,-4537.46554236
 1893.6263671, 508.57061413,-7683.34700374
 16477.62204789,-647.56458358, 11996.36528486
-24.58152024,-148.0186448, 2803.05654177
-13075.93341995, 39079.99652427,-23479.40805103
 335.73569278,-5127.39939823,-1706.68952516
 325.96163777, 3280.22924864,-2716.87760019
 21286.03086367,-36401.80043603,-24199.34836903
 71049.24032228, 20043.46329963, 6038.21548248
-20850.30626369, 29404.13860545,-8296.50954008
-3991.62251949, 5567.13490329, 7041.19043085
 5551.64324055, 2604.23689811,-3108.02912937
-22791.71203428,-59208.50252931,-811.16599516
 5131.60759851, 33855.5178862,-27577.0662825
 2390.64963877,-1744.80990883, 1480.4936921
-22810.41939095, 24284.50568362,-19052.86785297
-15366.82199347,-4836.79229316,-7900.02267761
 13374.33284794, 2974.85970006,-3981.99912017
 6602.03823751, 6083.11322569, 8857.78119059
-54110.10948544, 53774.59838722,-9304.79468798
 355.18055871,-1280.85871216,-2422.99915586
 3916.02614511, 62376.71231673, 9964.52489929
 1736.89198467,-13719.03369693,-903.91179966
-49996.20122879,-53955.26732374,-16384.5514839
-3692.02771428, 3566.96653032, 4091.74901427
-624.84928818,-1188.96934109,-11619.79612251
-1689.81791213,-3181.24226857, 6562.90062891
-4610.25519295, 35708.63987971,-21676.10795482
-17214.33668908, 15278.9327919, 9520.44649705
 29916.35876644,-16671.54985077, 14158.604054
 2715.00102149,-144.95435538, 11033.21472153
-3652.61352136, 6929.83911433,-3064.00194061
 13522.71958224,-2003.33099777,-13022.05357828
-8011.9921361, 9771.52487136, 2298.92710433
-4673.77197192, 202.83776081, 1620.69388091
 11242.93588995, 1184.55830134, 16272.85573449
-42960.49327829,-50595.96595811,-23553.41990154
-13282.02980534, 21657.09675945,-17199.91139457
-6613.1792572,-9093.12879686, 12254.28874207
 2594.38108155, 593.53393808,-31225.86051182
-1899.73651066,-10079.86984399,-1466.95937075
-8795.60277516, 11809.34793769, 32726.51083117
 4850.15816693, 8309.73286214, 7621.04597413
-14227.85889641, 15717.14322021,-27178.0981006
 21286.54689362,-11621.65486578, 27672.5778958
 16373.28954591, 14896.97877743,-15143.77272486
 13505.91083456, 6124.15713053, 15631.36691267
-874.9161682, 8534.57621777,-5910.85942837
-59111.7988162, 2692.52012856,-49687.0358381
-34375.71829915,-14449.88440973, 10768.18435461
-62895.56134683, 44725.65012131, 29947.56932226
-16301.22239762,-29418.02311128,-50037.31080248
-60.88476045, 1567.42062816,-1287.32327474
-16478.48862686,-10353.62724224, 11359.58137027
 7943.76668809,-9923.46770028, 3205.23869124
 12277.76285628,-28607.71225674,-59987.59627795
-1846.27738011, 6732.04225734, 1879.67769752
-45846.00311569, 5217.37661304, 1482.8042304
 1947.99412198,-4203.49283407,-2133.61713416
-91227.37581508, 30666.21944994, 2826.02835334
-1542.39391248, 2804.22394297,-625.47509503
-4483.12486402,-359.00357448, 302.64169788
 13820.26632893,-39031.44323396,-11906.37530938
-20195.50188145, 36088.91117395, 27477.81865337
-11349.30878508,-12302.63003403,-22456.32916608
 26032.58268455, 2688.57546453, 1681.18693949
 16209.01532672, 35132.23796234, 23508.97802829
 14951.5396721,-14800.93304659,-2188.60748811
 1477.34493494, 6848.87267284, 4378.68593116
-29371.99412505, 12012.78923481, 8678.76504511
-3321.09474173, 2139.26389041,-1750.7186562
-2016.76337918, 6793.4038767,-11879.63594717
 448.4026693, 19090.97206624, 3337.0899011
 4178.1406902, 19198.60621992,-5731.97037288
 7996.86279507,-5534.39384517, 1806.17251645
-1509.21219401,-15606.86389951,-10056.68763688
-7512.55927554,-21672.01842177, 8380.48191988
 26194.22042808,-27963.50159837, 23925.54420566
 27669.72605707,-6740.47649114,-44180.07302487
-776.49958404, 4315.35684678, 3812.19045546
 12695.28677692,-1695.19276668, 4777.99344221
-7865.1549164, 5194.88988358,-964.29215813
-25416.60185757,-2136.32782648,-58847.94167882
 1541.74582468, 9018.54783597,-13370.4165312
 32023.47514633,-4644.44877634, 45037.24583713
-1563.35196065,-15936.03491446,-75283.21903361
-15889.30031035,-49691.33628706,-6480.68205987
-10389.85408259,-5294.07925964, 24589.21845957
-8128.27602179,-10755.48358051, 2286.50919574
 1250.91792474, 3294.88754661, 6576.23033298
-11797.09339773,-39722.32923877,-1231.91486097
-25890.49588822, 26853.47658987,-67770.38055148
-16181.26543295,-9171.54772121, 3518.75463704
 17656.90996679,-34117.13604876, 21022.19033947
-9568.32155494,-19286.51006448, 11597.52011823
 38.55394608,-7104.74073878,-4425.34770369
 19884.72192263,-3793.65752492,-5077.78713099
 3649.58590613,-23395.2937629,-2783.39405146
 24053.02305918,-17393.9082984, 6317.10212572
-1755.93700033,-3786.95289837, 6485.30286763
-5744.30360817,-4126.40236256,-1692.03536972
 4634.48149585,-2551.65161509,-5629.36498348
-12102.56265299,-5594.1993732, 27.63553277
-14356.59618773,-6366.79201018, 20569.10732205
 31496.49780263, 50509.28871506, 57007.753393
-12255.80152636,-47820.24481217, 5804.2076628
 8174.20352674, 9341.04046502,-4700.56046649
-8342.50691684, 10621.99692707, 9554.3721716
 7996.91325755, 3703.2040855, 518.5100945
-32109.31606356,-12523.69243078, 14717.71845427
 81.16874307,-725.36155017,-413.04930677
-1059.01362498,-3921.11801368, 71.36963433
-81098.27435609, 10742.13720469,-36342.38818145
 5965.98668476, 20436.88090749,-12582.61443241
 220.37116961, 2661.98297864,-771.74402596
 26945.39342447, 48894.86043987, 52410.73984377
-584.77788973, 1273.21657766, 1853.37767052
 10476.84424459, 18364.1991176,-33915.20775345
 1405.05230575,-738.39708765,-373.41942394
-1968.93895443,-801.46338485,-2724.00598366
 12033.97738941,-1777.32458035, 19854.42288334
 11018.0782357,-8297.3062645,-15579.303663
-44473.2964815,-6669.3669934, 32889.73110393
 3109.92151648, 2752.33677164,-3956.45439981
 33525.99795926, 4228.99820421,-19133.91038831
 4270.14183474,-2210.04490553, 1818.09393355
-22935.2019139,-2078.10404075, 38141.92820607
 12638.47556885, 20244.30618122, 5375.39021256
 724.26607958, 8932.00870086, 2351.20151562
-29873.96466815,-9546.72932347,-2449.90097181
-16123.13840728,-9955.70402932, 80013.53172944
 14123.22907035, 62221.4665877,-26613.36506075
 7021.15395273, 788.04742596,-5258.82358406
-31679.692762,-8147.35410413, 15442.87588697
-940.24680812,-1106.36714401, 3204.62841433
 2946.87860487,-7596.8876711,-2295.35380246
-913.36689021,-4071.31406919, 2416.46915367
 12549.37940749, 4479.30565694,-2229.83045527
-20366.98030693,-8881.57827087,-7343.09351705
-15144.92271073, 54366.68400731, 54493.15913809
-429.24630062,-4053.14872905,-1148.64384047
-37152.21758012,-52875.38527624,-5507.49137222
 28009.44851122, 5035.10642908, 20774.62940047
-5233.04802658, 16690.91006998, 13252.34188711
-11404.11732098, 535.48260641,-1201.54678956
 1074.9761045, 1106.0982606, 58.07614723
-2070.80645261,-9391.13203299,-7591.05272892
 9849.03626806, 7196.87935384,-4010.55021008
-99.49975269, 10412.37122071, 22871.30898631
-12239.73334274,-4085.39122605, 1855.73188768
-9898.73986926,-14112.71575328,-22151.55070189
-5026.10997279, 8240.21582277, 1943.75397552
-43039.13856651, 22260.65829284,-83609.10244473
 4269.0359991, 24112.65058298,-19007.8821135
-10079.90251469,-2328.50225256,-18505.24225721
-25723.87066503,-41288.72214295, 5455.8113693
 12608.5169744,-11588.55408443, 3151.06177307
-41575.42601861,-45323.63421981, 41604.94883009
-3350.95266082, 3333.12635028,-962.36737007
 23719.82333762,-4186.88256764, 6721.56035122
 24456.83118329,-8807.59331573, 32953.73364467
-9443.4714284,-3706.28904609,-5028.13480802
 31702.21385768,-55548.36547067, 62335.09206093
 301.41432412, 574.55142673,-2355.16773071
-2244.59952398,-859.99124131,-5462.99411283
 6171.9744859,-3601.42430601, 12283.16507067
 21121.45382388,-45020.07671233,-27220.26829951
 34674.68602197, 22673.56264487,-52487.55536535
 26901.1383524, 17165.50475481, 20710.43119094
 3634.65238934,-10668.12829059,-4270.35234593
-16638.97620485,-94327.84759447,-11038.48407215
-1827.73051466,-1526.99782687,-549.04248085
 4634.4279048, 998.21107724,-4286.54781925
 9119.82699432,-8823.78159876, 11716.53280452
-3837.49158098, 780.68528314, 2253.21665369
-5387.86179992, 115.31121524, 3119.99633927
 375.41751975, 9941.81258776, 2949.79541443
 12946.555536, 24805.17303749, 12127.2875942
-6802.64194699,-13825.40106677, 12321.15717568
-4305.2977378, 1851.35609733, 3713.55726947
 10734.08149637, 5307.11006678,-8875.3611524
 4116.10578169,-1306.97080331,-331.31721603
-7126.48896194,-778.91167459, 2278.98371477
 9355.26124939, 3619.29541373,-3066.62284092
 63085.94174551,-13936.34325962, 669.89364542
 6934.37851669, 365.38053747,-13040.10010764
-28714.5096501,-26176.98541036, 31768.19332671
-52994.99826231,-16284.65980064,-22434.25319486
-2940.09985242,-2133.5007274,-490.80955052
 7588.0227357,-1377.17057041,-7270.15423948
 10972.48571006,-7606.61705148, 2483.397033
-5863.79312041,-1854.73896388,-5269.4926793
-16275.12670449,-9983.95869717,-28329.90709715
 5130.01418, 781.96419812, 5730.89503016
-4354.21151075, 2459.65501715,-9529.20175333
 3018.82262752,-5873.08773146, 5056.30675193
-2681.67743202, 8069.02780235,-7891.28453349
 6324.14208127, 2071.54517812,-34665.90715334
-13550.06847252,-30895.92561671,-30750.88921773
 17085.45692704, 33084.90139826, 3624.21805076
 195.51873879, 4590.88711617,-4070.46633271
-323.32378899, 3005.47588644, 5320.92597102
-30672.2013402, 37042.47245914,-32285.85502929
-124.26282459,-5833.15681247, 1476.07398731
 13362.55399533, 1754.22046254, 19341.23131931
-34514.51717333,-46225.90722791,-23076.54158687
-586.04751297,-4591.27946056,-8092.8925183
-25385.53274677, 11567.61665426,-9462.8649277
 389.64133866,-4056.60535632, 1121.86273478
 11898.444608,-23347.77281033, 3057.94966959
-13306.12998981,-1900.23020429,-3499.40105595
 28573.98744255,-16505.7444168, 39870.25367016
 2016.34298592, 7252.86531772,-70235.84745433
-5985.90647473, 2808.57910663,-14767.45043344
-7730.3245997,-348.3395812,-946.07258694
-1541.43078167,-29083.36963731, 24373.94861076
-56325.85049032,-16784.50996326,-50496.71169537
 10360.89593801,-1263.10268681, 824.75951428
 2484.73180489,-1996.02786302,-7950.05384203
 15005.2273678, 12383.30744025,-7171.50325921
-13219.80352947,-10110.97868256, 6252.26002259
-12957.86938988, 18811.50683037, 24642.94083487
 8691.05574616, 2985.61464938,-9145.80604433
-31394.00702221,-8910.51332881, 32946.91829202
 25667.3740007, 10770.30889686, 15168.60311339
 17531.91809145, 14590.48529391,-2289.10660436
 3061.06664373, 2313.39405376,-26906.06677327
-2642.6479396,-3362.99596554,-2736.5511181
 7389.61620763, 2539.64101038,-1579.897362
-195.2779189, 8751.41626268, 5404.17496494
-16882.12619095, 260.33868713, 14685.44057858
 2596.00752869, 4253.10325925,-10159.25094511
-1779.26370655,-1589.30613006, 1634.97088363
-14625.8056035, 1313.42979892,-9026.38632961
 18300.86724129,-253.69705024,-15269.0515412
-2729.64260108, 18717.03311395,-14799.84965541
-2251.22738875, 4595.7728637,-3176.17928381
 1302.96870958,-13158.97224622,-33285.21523769
-22678.81416569,-2429.29742008, 13393.73758498
 2146.07679611, 426.44697166, 1977.85541841
 48405.18660107, 22362.30605663,-41001.05015036
-5536.98243826,-7073.43463906, 4285.36819916
-43425.92873113,-26148.86209827, 1585.781115
 44206.18800147, 23414.27126704, 18147.30814903
 1043.80483858,-2329.84243349, 3309.09867687
 31750.4117842,-7558.07321602, 43716.29846865
-25064.97775097, 15082.36743137, 22270.39678604
-10554.72985946,-8715.69766911,-22154.84151405
 30813.4508911, 45741.47821173, 40989.18271504
-7553.02973444, 373.49032835, 9030.31075794
 3624.13899899,-7606.33633359,-32090.02821563
-11286.50463179,-1777.7426034, 15759.86798182
 4889.52765256, 53688.83724276, 28979.58792695
 7293.86895842,-18339.58745281, 14379.45474665
-6546.76996765,-23038.44268981,-34894.67547025
-2559.7807257,-965.77087156,-2577.57674049
-6117.50385337,-15249.46499028, 7116.87371437
 880.14383753,-12117.4939331, 1196.58836287
 36006.17760614, 8960.02836644, 2535.84837029
 28452.77359788,-38309.44430616, 13738.69440112
 11162.63752551,-25510.09814459, 40053.25163227
-32458.16900886, 15695.4275108, 15445.04731883
-31902.50741042, 26172.53906642, 53387.59828433
 9397.17065289,-8617.98224697, 5017.54857015
-5414.37398442,-1028.88175774,-4311.68011609
-2619.6466086, 17831.69789738, 23900.24838848
-7007.45918676,-2901.81903558, 7917.33908206
-20730.14261801, 6646.7838145, 14863.31117519
-7308.25279769, 13023.47604416,-1109.44081946
-16893.03651197,-2717.12774314, 18914.01142763
 1147.95122656, 6014.0023881, 3191.52317728
 6242.27556694, 4295.32307586, 8430.83801448
-7247.3704762, 182.11279501, 1821.1066934
-4892.66137497, 10070.37123066, 264.70992101
 24315.94933647,-53159.73163949,-14855.54855279
 2980.92411375, 6220.99612468,-5932.12903772
 17609.00080728,-12989.89775497, 25111.79577357
 42713.90457554, 16433.39312751,-5084.93753701
-152.28386529,-2258.71059783, 8480.47200794
 15378.32628153,-21665.8768001, 21016.31919659
 35807.8983526,-847.34394606, 17482.0558091
 21713.76966617,-15596.95924604, 13353.53857106
-9188.23279405,-13218.95236097,-21148.1549612
 13308.8887706,-5146.52400862,-21800.24562288
-81.4463536, 1049.20638183, 8127.35284262
-14097.44352249, 8785.54166337,-9141.92229452
 1446.76491479,-28579.41878732, 9445.31834809
 10773.09766449,-4743.48751198,-6622.17032474
-16593.92695132,-12847.65049204, 10384.96053686
-181.42592855,-11555.50025937,-10109.42845902
-1110.49858622, 7191.3839533, 12521.95513926
 37909.75258319,-12685.21808602, 25853.07581681
 7348.46230729, 6914.15736028, 7763.79411508
-1071.48933992, 2082.15111644,-604.82319829
-5204.1117574, 726.12565162,-321.46102949
 4221.6744208, 1048.26688755,-2143.99903366
 22782.81110129,-27913.74978617, 14225.4157649
 5602.35841589,-5899.75830097, 14116.14696449
 11994.40231867,-21808.21548931,-17397.11239627
 33516.28107515,-53605.42313162,-7364.6766106
-18629.02548685,-851.13425446,-16326.47392135
 12700.46804127,-6285.86673722, 8948.41176929
-2462.31390628,-1424.15158325, 1955.96043586
 9626.37237387,-10543.73893136, 6836.59020929
 7907.79623026, 2888.77942748,-2935.90752134
-1617.09143362,-574.38942016, 3053.70841273
 20633.02477354, 17860.09408938, 6440.75823715
 2364.97609933,-1462.59387996,-554.01088706
 34123.10512094, 6918.52905499, 18752.094415
-10339.95836459, 23904.00595326,-65608.07249615
 5323.16839159,-375.16213111, 5935.80040716
 1202.98794386,-2199.53415034,-265.94644626
 2242.97812934, 2273.99080625,-17546.600031
 433.65601542, 1927.80981786, 10393.96798374
 1854.34406784,-203.57611093,-5851.56583424
-4934.48768037,-459.11330534,-3371.26869393
-243.96521426,-3226.34930904, 239.10330283
-4994.78509332, 6776.4325155,-51430.70848139
-5208.84700861,-3524.00528568, 3444.32711698
 2025.78652095,-425.66339769, 3173.69483659
 7179.62732173, 2154.87388818,-1798.45802348
-8171.89710094, 20697.14296018,-8188.97247121
 6374.52703178, 32633.39181919, 23396.73025312
-10617.68900236,-8334.02336891, 2488.36892428
-1963.43862072, 2364.59907057,-2418.28826415
 2776.53344417,-3084.14472683, 5960.79306006
-27565.9978315,-22354.68157474,-19735.19800853
 5409.45361308, 4260.11797167, 6209.27042002
-6685.3908769, 6617.05397741,-2775.57798231
 15568.52988012, 3331.20091988,-32724.91665591
-18783.89729421,-16787.64255373,-12353.18911987
 28247.51469441, 37412.30099231,-35596.30978449
 4882.24085322,-5087.12845865, 32555.82549326
 1472.72458627, 1742.37107568, 4882.86619402
 10982.89312612,-24978.4497574,-13880.18556466
 22772.00590889, 5929.79315944, 26622.13435715
-8295.07201887, 775.93392228, 3378.19545135
-6619.55497174, 59651.5519343,-63648.56654745
 11330.74050158, 7780.8656489,-29192.01568993
 318.49128071,-1595.45230105, 3456.72101394
-3634.02813825,-1833.42550083,-1602.05959787
 5905.26611365,-375.4720673, 7279.54531441
-14913.85741114, 5763.04433316, 17317.71688706
-18152.28178629, 1393.254478,-5700.016649
-14090.65499954, 1630.23674143,-14402.12562789
 6893.31115673,-833.48843241,-3472.36734269
-5608.80652239,-10529.81550355,-8360.34464077
-2821.74450623,-9063.0901878,-1049.4016023
 10774.04202102,-3029.65677527, 1594.92109717
-3523.85326748,-336.22435085, 6041.82171804
 28974.70313424,-17768.65805842,-8019.95672267
-14158.60234916,-35609.84662629,-1456.18610368
-567.94437196, 896.97819166, 427.71828217
-16141.23799633,-60612.46676929, 32224.29727305
 34004.11829493,-29160.63627761,-14338.20929855
 22996.70685687, 13958.12327217, 1091.54361702
-12856.37216329, 10623.22603792, 15586.11828855
-8754.34446482, 9361.26981108,-16148.31953255
-19361.81799378,-19675.96541782,-38485.83572098
-33788.11632353, 32091.39425709,-14596.21249556
 1679.98932973,-4601.62442319,-1750.33882186
 4115.37558217, 6085.64847541, 1016.41554049
 9365.22426475, 7743.66723404,-990.33254223
 18025.66162337, 2174.35993527,-1745.40608692
 7852.31466219,-24327.43029425, 30401.0173427
-9231.60735121, 68457.08736547,-3754.14660828
-2019.31607913, 853.85519077,-170.2832481
 33867.75078829, 8685.50732269, 4701.30044268
-6411.02008439,-35025.39577067,-11065.6498582
-974.54925326, 475.79802857,-1806.46524304
 7287.63136974,-6907.49617345,-1268.63248861
 7398.78760574, 11847.40136588, 3182.59101065
 7350.85941404, 25689.41920066,-2156.86689362
-13079.23014819,-21838.65112258,-18773.80288879
 8474.64236637,-5203.18052916, 3808.27678774
 820.68277289, 26087.31719021,-11606.49753718
 2805.64410964, 7542.50503008,-9734.28888531
-6146.71292895,-1138.94602103, 11469.82505278
 14234.34348723, 21778.56532759,-18492.48925571
-3900.09471265, 9762.99381925,-429.57824003
 1635.69151496,-3247.89825798, 1894.31402548
-4070.64233807, 4082.49812176,-1305.24826472
 32285.92457405, 19544.24356522,-45460.48109871
 682.86247352, 6855.82949573,-11761.20635821
-1640.63438641,-18975.34463607,-9925.20214666
-5055.10137222,-1957.85567776, 4405.96614407
 22178.75007577,-14494.78252547,-37317.18325566
-18654.23501284,-30238.25053918,-9762.11823396
-9026.64430897,-5621.55811735,-27.91639965
-10677.13776669, 1418.48313391,-4365.21692483
 38040.0209302,-441.16641392, 54178.87348285
 25690.61336081,-28878.31762416, 4635.64647466
 1768.66674533,-5886.94159162,-438.46141446
 27448.08353411, 7109.95590483,-21701.24193505
-5748.87268833,-367.82076664, 186.50937248
 3476.08760817,-1287.91205955,-295.38903606
-18840.57043673, 7543.79142641, 1149.06497205
 1238.94061915, 467.58132406,-131.98223088
-6535.64058327, 9980.70977633,-455.88083648
 3142.48177637,-634.4071595, 6460.88014222
 14385.26598541,-29682.86444945, 4007.09369521
 2702.62395999,-10991.04305912,-14680.40058776
-487.06666823, 6987.67929586,-757.01828818
 23475.92541558, 17.66061715, 15344.16513375
-4618.03603352, 21618.61883859,-18156.47786834
-4122.34838769, 10726.25605341,-4046.97753202
 25255.92659967,-1452.70894769, 17369.45246102
 15126.8723909, 35470.81705006,-19720.32746869
 2552.34179466, 2066.55580591, 7181.49488509
 215.76315154, 21297.47070609,-4678.03571041
-3299.97296666, 8884.6626342,-588.21227215
-3819.53653302,-1422.78103425, 10475.31737447
 15435.00451546, 5888.15601495, 13730.77722446
 25646.83562717,-20212.24153883, 16528.21701396
-36033.26486296, 18948.4833034,-35446.73655692
 6583.40343983, 13304.85638304, 6856.20381223
 11000.53132411, 9012.63381263,-28990.39386986
-10758.99776663, 8140.89931119, 67348.13167115
-2601.70380505, 1040.27918296, 5155.75016969
 10863.97836494,-41655.3792415, 3202.59534823
 2367.53738448, 1.23571543, 1452.59355426
-69423.78831408, 54867.15923521,-15323.01679023
 6822.44295293, 49638.23270058,-2307.9522588
-2598.06584298, 22921.72633062, 13285.22435057
 5700.74447901, 2181.98144328,-1614.74542003
 5794.14017562,-27478.51191286, 14530.79446302
-12750.15154612,-12953.74596078, 11010.70320845
 884.55005873, 2182.93489538,-74.45586782
 37966.97056203,-17535.88072005, 9815.70146427
 915.5651402,-6739.37669075, 6830.40419054
 46625.68911143, 12517.24785678,-25036.22446765
-78864.31357815, 37918.62539544, 11523.83499671
 39959.4257873,-2411.7587374,-2451.8306486
-18522.60942949,-33147.25028473, 54672.96165479
-7359.92206774,-1639.93541763, 3884.21555083
 6619.58983102, 1354.96120174,-25514.91446129
 23004.73944477, 3254.7733977,-5439.97568366
-9518.09809097, 32886.23827333,-42414.62793377
 1586.76006487, 4206.40808327,-817.66893325
-26799.94791243,-1123.50787074, 20876.06327593
-5483.9305838,-2167.04269264, 1246.56489607
 46275.79318299,-17670.66269177, 17067.91362236
 4164.60045476, 48380.62767597,-14695.94253333
-1166.6883428, 17991.41081357,-3879.42066311
 3011.14184342, 10306.72728203, 8391.52394015
 11768.63381553, 10110.61763417,-5574.27038018
-49023.86809756,-17181.26784797,-44662.99654198
-17046.19945826, 3560.30730074, 6126.39718127
-43594.77793869, 576.12228668,-11930.0711134
-8373.21606723,-7375.38444768, 1622.92728855
-1721.55072332,-596.88197518, 1909.29970208
-1412.3331213,-378.59712015, 714.93704782
 756.18592369, 3021.57064818, 7786.5326197
 11304.05996997, 9277.84650319,-23725.12015117
-5854.69534566, 11515.21499046,-35685.57860662
-8352.06864602, 19069.59862985,-5445.0221936
-1713.04267692, 14165.00574416, 4506.76833829
 96.93341456,-320.80818203, 4166.95049758
-13298.02089535,-4891.80707571, 15967.9037371
-15203.50365085, 3358.67598836,-21977.66066644
 20180.91293164, 40389.91040086,-6125.1394256
 39193.96972475,-13038.30910928, 17212.7661901
 17892.92486335,-54.3724472, 1844.2322706
-32648.59086182, 27813.13320882, 16413.11420707
 837.98841236, 2658.48892757, 2570.17490505
 82150.78652184,-39.24593417,-8624.98206141
 1056.94924539,-1220.06758167,-76.47565842
 19399.74907168, 22757.27567748, 3947.70641873
-3652.39612448,-3096.71215046, 886.10908565
-16277.69630799, 18193.82181913,-29273.08816664
-6682.8817979,-26973.3556322, 2519.43597448
-6242.76627642, 3682.76365018, 11347.96908619
 4374.18260822,-5302.8396947, 8488.59035086
-205.50059967,-2562.34470771,-868.75064631
-1313.89053409, 635.80554035, 1165.71015794
 63305.25681941, 15018.96451302,-41862.837496
-5993.80826658,-5256.97696539,-3453.13504157
-9609.8659364, 1420.6281149,-8374.95731542
-5266.46678532,-3062.56652355, 15494.57917294
-33417.32221264,-8043.35174845,-38661.09040229
 4418.61158627, 8818.39238487, 3753.81075718
 4318.04933876, 781.00427825,-7343.09966386
 11927.10436474,-5099.27683976, 76563.68609111
-20530.98266064, 250.60299774, 2881.42482068
 8928.76013939, 351.40353883,-9929.49576119
 19736.98718649, 1828.78871846, 4333.8078419
-11892.50707362,-4339.6398792, 13266.32589656
 9537.28865567, 24616.41575538,-28656.89181949
-6647.93154034, 16475.69783088,-7200.93501334
-2363.74859631, 2867.10161022,-8330.50578242
-22841.6865916, 38324.93140273, 5867.53321886
-27286.18368177,-18496.84254412,-20163.88726808
-29687.36346848,-15506.48224632,-17212.84309932
-18680.04647057, 722.39505545, 539.94464814
-9794.31355563, 4303.32889491,-8991.23242619
 3727.05989477,-11766.02648681, 1900.21574095
 3860.29428449,-2616.7040035, 4368.35345127
-27577.28861833,-35266.33466079,-8568.78536316
 8888.58202297, 19.16051901,-7292.02072325
 4623.05859203, 4534.40989746,-5218.7566895
-11021.36489664, 15514.167195, 792.47399104
 8179.05649608, 22123.6124522,-2930.02694547
-17420.96457029,-57182.82688214, 34598.50095412
-7403.27219521, 5674.17467808,-1837.34882524
 14649.54020009, 18412.20880977, 2576.91877665
-6759.65130966,-10504.29682965,-5670.7135013
-24180.75921474, 92991.25014158, 1720.36628541
-1969.122645, 653.44588781,-2552.08057183
 46953.31494046, 35774.20898537,-48363.19397203
 24698.98270239, 3538.10048302, 28808.26932575
-11.80728533,-2190.28427591,-961.41623457
 2777.88606878, 11840.14689824, 386.45475582
 805.64747554, 3785.64325269, 3965.83269864
-40841.96134871,-2205.10235035, 69735.31326055
-2924.79027126, 628.76856705, 5115.01343292
-1034.85728945, 4000.89452705, 18173.69249978
 5593.13377307, 752.09484664,-675.86308849
 15552.03098764, 1647.68526829, 15225.00988945
-2232.67986909,-2672.76540304, 958.11707083
 28706.98144277,-17154.10417153, 25581.53119359
 24570.30946662, 7314.52927201,-21760.66928229
-7050.47632536, 2243.06503887,-769.90770239
 8897.22072107,-343.78364675,-1767.0736631
 16884.66691543,-12983.60958058, 5743.24935367
-2448.85266305,-6760.47783608, 1056.91933856
 4495.18060261, 24140.44801199, 1769.20790014
 53548.37311011, 66459.50048338, 6036.6550979
-1106.32502999,-17765.0466983, 20336.47227237
-13308.639141, 8977.18409421,-1395.02850453
 9463.48050263, 28963.24205223, 50507.3288653
 2148.64915842, 4932.07123715, 1655.16716959
 3053.73214904, 1763.56174966,-3082.20557486
 74786.68315368, 12879.92328226,-16388.65099426
 9805.30822437,-16915.22255569, 9863.32267695
 4409.09648044, 1511.16246789,-7010.18224502
 26600.22173863, 28624.17707384, 13607.34550448
-20051.89388863, 9033.58716707,-37648.39416641
-19097.86078202,-10839.98029757,-10713.9727679
-1897.56949203, 17280.50312762, 12235.60825355
 6548.06254898,-3988.24373149,-794.61256178
 606.65689038,-20949.43788185,-6559.39546577
 443.60804228,-1496.3166612, 3190.6179112
 7225.23738498,-3203.07351704,-8538.31067444
-11569.88712198,-17836.40962521, 26462.76150121
-80.7812132, 5097.46883555,-319.12353456
-3993.09532981,-11611.01457652,-44.10750946
-12226.05559754, 29983.84095267, 18298.89799953
-3762.10551615,-18443.65763348,-9050.01439973
-5915.93076597, 875.66734673, 3064.81819768
 7906.2566517, 29021.9949036, 10040.8663707
-4498.80557589,-9030.97861052,-3853.52620873
 799.66602143,-641.97932664, 2120.17879779
 77381.91080962,-533.26945143, 23188.48187713
 45.09566528, 3800.30586371,-388.96985975
-3222.56894781,-13552.34682573,-327.92152381
 1194.26132761,-3785.84769088,-4909.899917
 884.0932208,-3343.6020283,-632.88077228
 4933.92653658, 325.6032087, 713.7553041
-18833.27250503,-8737.26955867,-13239.07726285
-16204.42598059,-6690.64221444, 14935.31298363
-6706.67529354,-4009.99360954,-4433.5326101
 5973.0970799, 20949.29848949, 17752.01099078
 9145.94937793, 6971.85093971, 1662.94722651
 97.59978963, 3559.9252931, 36312.38988379
-15782.46530843,-7427.2997437,-2741.6241509
 65065.83454319,-48765.62495682,-5330.19346543
 2701.47135045,-5713.57680602, 752.85338816
 350.29336148,-11233.1148238,-13147.5942554
 4240.98739228,-5532.19556689,-13343.11406837
-7979.71742463,-1498.55010597, 1005.64793942
 16026.40321266, 26791.98143769,-11034.75736881
 8938.59527087,-9994.69751713,-11602.31129231
-17368.10610955,-14058.98542635,-10438.66483821
 8260.62562399, 2668.9322906,-1031.37654587
 1747.53238541, 6738.29514203,-1606.75067366
-6325.23799049,-188.45505665,-845.70913164
 37969.60794188,-3660.10667326,-111.51067893
 33009.67657657,-983.48062578,-15608.19343035
 2422.33164777, 114.51885171,-137.68784186
-432.09824247,-10750.86094652,-6178.83625032
-10094.25199159, 17644.88895482, 13477.78704425
 22818.48411712,-2997.74893507,-21085.16013785
 2071.88673693,-15684.42464742,-16062.05957187
-11636.1896429,-19427.46008201, 3274.98470521
 11917.68499283, 27312.0118936,-9224.52197875
-887.79299825, 654.33953697,-1939.78935237
 3579.35307045,-8185.49871597, 3397.3868363
 6051.95560691, 247.28956857, 9387.84351838
 7232.97477392,-7173.49689097,-1620.45684248
-606.15039083,-18813.94487271, 6854.28547443
-1226.26845546, 2069.22525715,-2124.93767517
-5442.92727671,-9733.48671466, 5945.95894828
-1822.9651558, 4868.04414089,-5641.58513363
 1278.88480898, 6786.07493409,-224.49912215
 3738.18556278, 2879.22598675, 756.19938399
 3547.31724714,-3778.05337218, 5058.91693602
 4843.37976658,-4277.88333906, 32525.73181001
 3877.3525424, 11443.12601093,-35389.80220553
-1120.44329005,-15192.39806473,-9336.97413761
-29698.2717272, 12292.4351875, 18193.19010616
-2191.8483966, 3358.10020835, 3158.63385161
 4386.00507915, 3459.55464421,-5136.89954408
-22299.54191726, 16877.93878245, 16501.67582863
-4053.32760794, 4496.63437634,-2181.91989799
-16628.14513429,-5597.48598289,-31080.35853398
 12047.46562782, 2459.88115317,-19373.45369974
-28860.79201411,-31049.49432053,-37179.80154223
-4831.21045248,-4607.37925759,-7918.74705321
-19990.78454654, 1295.43920131,-11482.43045985
 27304.95718737,-5741.1213896, 22774.48540691
 22.1171617,-6518.56672417, 1946.73180551
 24004.88924889,-8120.41418895, 14469.78361981
-10589.6209311, 8878.51866109, 1421.440781
-3014.01257585,-4651.30407304, 11660.01760333
 18170.07713041, 43565.59958897, 16245.71136667
 14484.75651953, 47303.22444975,-28310.58494064
 4601.54131294,-18926.52788768, 7925.43318656
-1279.05372929,-1036.5175028,-371.97300574
 565.7077961, 7435.54026075, 3310.3041601
-1027.47212242,-10502.87378379,-21614.08282359
-7257.97997921, 4891.29963055, 2974.92907893
 5674.67295315, 3732.56784918,-1821.00257917
-770.74649541,-1063.52526992, 3275.09620437
 5746.80285965,-16065.76532575,-13966.33435794
 22785.28506366, 9327.66672795,-9045.04429022
 3276.231664,-3133.00423474,-648.46585326
 14015.00979137,-22242.07966762, 10267.34644701
-73.41137837,-3239.2623869, 3408.42502104
 8.02451356, 1487.16107606,-2329.28277365
-2295.45124481,-9093.83397733,-5663.78105262
 6010.73664789,-12402.21884236, 15811.28867699
-58352.85029243, 1041.07992073, 8110.28305106
 48266.53042063, 21383.25564147, 15812.96132838
-1589.2650871,-10667.7511735, 1308.71665293
 10378.44642681, 14572.83611087,-2230.79677352
 14276.14334011,-9835.27034261,-7357.38503153
 14370.28918358,-4884.37136325, 7902.13717256
 6309.80362927, 1185.14352979, 5041.93102412
-17708.09541298,-1034.38607714,-2291.94811815
 3467.78754976, 3968.41572406,-7532.58075437
 12062.81511042, 22291.97170136,-334.91708641
-6135.91131874,-10925.40552467, 2772.04017857
 21344.16213936, 9900.67037835, 28955.37146248
-5020.33067234, 2911.76438025,-2222.2066366
-983.72800777, 1405.48142514,-1506.53270231
-554.51077179,-1132.70416113,-17127.0265406
-6986.17683173,-3184.01126914, 16532.55915748
 4694.07798825, 464.18621373,-4887.06436957
 10098.38800755,-1142.35553438, 3607.85802749
-1634.80330645, 64361.86345782, 13570.04339768
 3500.06433383, 2731.06770451,-1648.48653062
-29377.1062164,-3303.21128584, 16562.64842833
 5345.60699437,-1645.19434446,-4477.38464496
 23192.61446463,-17031.7424689, 13229.0120908
-25657.04402112,-31831.18675295,-20626.4681699
 1160.21148194,-148.81182573, 1189.94761394
-10240.94885102, 8833.48238587,-47938.00645375
 4692.31283463, 181.91659238,-332.49187616
 14613.23811424, 11084.34007548,-4988.37619439
 1115.35816099, 1673.52158075,-460.16250104
 12267.34608983,-4663.86038229, 21439.40786218
 467.92544894,-4530.1474023,-5166.60950131
-22433.10557573,-11215.9761353,-2034.09421518
-21824.80855321, 20195.54102906, 13115.51888689
 1092.7114297, 183.00497784, 4028.03669794
 28341.1774674,-28356.85071047, 2988.45436374
 12321.18729982,-15800.29435795,-7838.0690769
 13393.50088604,-74906.38348073,-29175.87216728
-9221.46352195, 3402.72347983,-1304.27253465
 7939.819437, 1637.04163753, 1510.27813374
-1910.35305688, 4918.64460769, 6794.94389342
-597.3139759, 170.25989463,-1904.8930679
-67273.30318402, 33960.06967087,-36830.21670309
 16422.94008564,-4769.50613369,-2118.47155822
 3673.5352591,-615.11398664,-174.92749567
-36518.14415043, 39290.62224463,-34266.77405157
-17332.93859289, 5438.21781176,-1550.05965879
 69597.6420993, 20741.66328707, 39826.25038338
 789.25868558, 20.3004434, 4047.99972066
 1862.7052921,-825.91573093, 5045.82376444
 2719.88021292,-2758.95119311,-2023.55147558
-35457.77259759, 351.02392834, 44084.84811449
 7106.1309701,-65015.22154033,-43078.0729825
 3576.10673188, 1813.33587567,-180.17766619
-399.81863591, 3347.51859345,-10791.24801687
 2022.18867146, 33909.52446852,-12238.97555547
-3129.46150471,-2469.17477631,-14441.5438009
-23523.54638889, 8140.52072209,-10664.90920895
 8705.05813184,-20206.44428593, 16214.33463701
 32794.89326068, 8697.69205543,-20926.49330853
 4537.91677802, 3756.7932139,-3145.40682359
-8507.48905341, 6620.23564061, 4508.97673174
-9179.38242252,-12391.95266224, 1130.90822871
-1582.02658077, 2152.27207638,-683.51886849
 11928.99247532, 30034.9185957,-3938.51538426
-7669.53037808,-5330.93044854,-25416.53898911
-14767.20588036,-20261.53785204, 42505.73562175
-5258.06729563, 2306.78832059,-3560.18750381
 8337.8071969, 3854.22732928, 5097.27066532
 2849.4938174, 6370.63724592, 3259.72676465
-63443.69550468,-9507.8953403, 39518.91905981
-4223.00294996,-1521.90974671,-792.37341892
 7371.39959543, 460.7358192, 1751.62251485
-23777.87716783,-24182.01978012, 34529.93335892
-39160.68397574,-12236.03008995, 42203.67953576
 10261.6359187, 6698.23502252,-35946.98322831
 1679.57231478,-1913.65267872, 17543.70662753
-9465.14885092, 20694.30454211, 5289.3279318
-3691.04957435, 11768.39556921,-11288.28130768
-200.20489339, 7326.97263985,-9407.74867214
-9655.16776442,-2868.26316771,-2000.6314297
 1484.74857522,-11617.91478077,-6272.68096914
-2951.88202161, 4882.79517412,-1697.66326165
 56530.26413685, 13016.5577733, 13254.1741625
-4263.79231273,-2333.30163204, 5098.79985238
-34511.35864927,-6344.09624947, 53191.87226336
 7133.19348132,-1605.14643061,-10933.75068127
 1392.55507657,-2841.4168171, 2298.52136799
 5429.32170084,-3775.82952946,-4973.51671994
 17816.38902159, 47688.3308972,-12026.83258564
-20879.28421433,-8270.96174696,-29037.16370156
-2965.68542778,-4399.30968583, 4493.23860863
-36272.68421387, 11552.63246079,-32270.47473163
-9316.7978305,-874.73529854, 4518.77192857
 11404.60668273, 7773.89918002, 4580.05027183
-29337.26075167, 32281.76506371,-4813.53181063
-21722.10177384, 37604.79298338, 14878.18895659
-1215.31300083,-10175.39981174, 3544.8869208
 14496.23781077,-7840.09181912, 18886.32505247
 12895.20198664,-10946.43909918, 22497.64962229
 12015.46266547,-6539.04081113,-3609.80313039
-28465.96871801,-2109.94010637, 3016.38070644
 6541.764034,-6426.76690263, 17464.88426003
-9365.01698163, 507.16656064, 33162.20516133
 1262.75311582, 11130.4879358, 15738.52444002
-4989.72554163,-9632.88322752, 31775.80683295
 10113.60613931,-4001.27990096,-13328.67564392
 5861.243156,-461.52945591,-9963.80721461
 254.55538292,-5629.92324784, 1734.74282857
 916.90078862,-2922.10396361,-2616.23479335
 11907.27369201, 17547.02534525, 4650.5208034
 7243.2165444, 15670.04001768,-4187.36506125
 4093.63505931,-10369.46929249, 34319.81760962
-9595.98111542, 46216.21072847, 47260.3211919
-51.17527581, 37.11901324, 1999.78170262
-4500.36922176,-34798.40775997, 3338.70516434
-7701.50851207, 1920.83403771,-5713.75741034
-31873.39899594,-9736.37656548, 14095.33723654
-3857.71269786, 3752.71789823, 6096.97376737
-16727.50843776, 20993.97273772, 7229.76331152
 2330.46168822, 1403.15117624, 174.00095309
-13337.21087498,-27168.6528756, 1223.51539443
 3483.8279318, 9527.36438665, 1.99227325
 63.01617408, 1159.56903418,-1406.95230532
-7526.54404746, 48480.89431773,-64529.36006795
 3741.21882895, 2144.90393349,-7384.20574621
-47395.83927679, 51683.75938731, 60782.03528462
 2886.58185858, 1071.14918774, 4503.94716112
-100.02394576, 5410.46792948, 3423.36793886
-8674.4465502,-22283.89237818, 3716.40542621
 11820.67011573,-3649.75553109,-22106.70646042
-6882.46589177,-535.96081311, 6376.10312386
-3920.61157947, 2692.9837074,-21206.58888445
-27826.19126026,-37362.69913566, 4617.023238
 31477.33851132, 25199.03115785,-38373.78887972
-6828.14665198, 12058.44004045, 2741.29164773
 18192.7075646, 625.24621073, 1825.52510536
 23851.33782767,-3871.42897575, 431.47094276
-22626.49614418, 26921.85934544, 1663.32328
-8590.19740585, 2278.34042827,-3473.33843869
-129.32557724, 2390.34802893,-2698.67260403
-2980.08233044,-4172.42652855,-11233.55173154
-8407.12626106, 14406.1889958,-8456.96142283
-5795.9719994,-17.33013299, 4664.41244121
-1804.65476979,-35420.98015779,-51570.43155005
-8136.84098201, 623.84646876,-3009.0855896
 14837.73196278,-11317.70415757,-37153.81014471
 4218.36065261,-15399.63241832, 10421.93799478
 2572.47314793, 2514.03890196,-7047.54414133
-10794.49405126,-10978.06807999,-3718.81735161
-3794.04343122, 7080.12176556, 29050.62208179
-920.47043505, 11382.88228721, 15399.28481677
-4739.04733384,-1301.98567382, 7597.34407437
-4471.59485992, 14395.54946434,-27868.56316821
-85994.3585789, 16185.84323088, 4207.34502725
-4536.42550649,-7335.3224592, 18241.84919299
-5591.13455753, 15300.43033137, 8094.55515935
 9978.3698357,-18387.07777397, 35823.49372853
-15525.76539207, 11023.90387731, 11652.20032963
 19713.41723162, 6160.1144426, 24553.26490569
 8921.79726778, 3039.07514278, 924.35286554
-13119.25872763,-31479.88218968,-26904.37608539
-31203.39065269, 17387.22182754,-10657.80110349
-7768.7651702, 13529.0485165,-42312.05648518
 78027.55605032, 24275.62523926, 3964.17771174
-1621.49659382,-1546.36537264,-333.84052972
 51288.1650185, 44688.19082792, 41643.20647473
-8993.77125183, 22235.55915125,-29088.96226641
 685.67447761, 713.11881769, 1612.77559118
-281.32240838, 6715.39106733,-4364.31074795
 4854.00428559, 11386.16051024,-3006.98301342
 11392.27591143, 16813.83990933,-10102.19589372
 85722.0901166, 17.51553085,-21739.74966357
-8572.89373318, 4008.64812134,-26509.4102869
-3083.82236597, 4973.27038031, 1026.55652123
-27284.24582766, 74197.04038156, 350.44958102
 12080.18876605, 251.61533902,-4726.44889459
 1110.65609966, 9370.67478156,-5251.71094285
-14774.58992918, 2080.86032976,-3941.1476817
 10478.78820241,-12346.23851141, 9722.93076643
 1982.61401218, 1327.15772057, 7145.12265564
 6261.13912258,-15714.10054631,-5342.91953482
-3507.34219877,-1549.86496565, 225.50395248
-24333.77657404, 728.25002816, 61900.1102983
 694.06120355, 3591.62072014, 4156.41696093
-1874.60640753, 8368.51407497, 3851.93283495
-8153.71711471,-744.27660983,-247.20971332
 2321.77311805,-843.53422848, 39.56941719
-6014.58662475,-7418.13387333, 8492.0538692
-10248.27778483,-4622.77880674,-13595.39415848
-1739.63048915,-56932.71468306,-199.99087424
 55631.36623931, 32332.27771667,-26156.51214476
-3468.57993229, 1535.1137803,-5629.93065699
-1420.53888421, 753.22937082,-1124.32772907
 57610.36661777,-18861.90107566, 15693.44721845
-37787.72722973, 46192.43061796,-5298.34365699
 1077.30423622, 2052.58211974, 709.46434162
 5933.51313259, 6262.61893378,-3785.32635771
 13816.91884329,-26004.31506373, 9832.48337595
-43157.69071994,-3638.84648248,-40234.20158935
 31485.44602367, 39401.8207941,-35506.35543427
-3236.294287,-23457.69188791,-17246.25510551
-579.93729935, 8222.15334875, 9682.39951973
-3132.3101625,-1982.40595587, 2926.35183696
-2050.60718751,-2563.32370807, 1005.8271058
 12539.67918332, 5646.99000352, 9048.43932632
 6442.84694241,-13370.4903033,-6575.67774346
 43833.15151047,-10397.7975492, 32093.55001662
-220.84386341,-2879.44251929, 12476.66256531
 3061.27672507,-1797.70869926, 2855.64418527
-30741.85880963,-38043.26388055,-45064.77457526
-8422.48833884,-28056.44698992,-1686.07686958
 3163.14038454,-4149.35199013,-6225.06890314
 1764.83817042,-26549.70839798,-17900.39173711
-16436.39931694,-2552.23318761,-25326.50468561
-4858.41966762,-3711.31667453, 9602.41326518
 11024.84695396,-75.4446147, 10712.47578325
 22148.57909163,-37855.42383293,-7196.53392224
 389.76561112,-29804.00805622,-17501.9384778
-5302.84783678,-9396.01984541, 8241.59176526
-1385.32624829, 754.91168704, 2526.20723995
 6971.57735954, 5299.80735463, 3920.2015893
 1344.92192932,-2714.5191236,-3270.77209448
-22438.8060969, 8130.70172741, 10946.15684683
 23359.84450674,-4954.43517478,-24137.2883934
-2652.36245091, 1690.58763723,-999.0679714
 8381.87888701, 60616.98117905, 58337.90294312
-36030.64409068, 35180.92847603,-36532.43617867
 13036.29161302, 43417.42811774, 11922.12372566
 6611.56562913, 6516.84702872, 9097.08836983
-17887.98868092, 17766.55465341, 26427.70482027
-38031.42194161,-22889.87340403,-55341.75565612
-3878.88574308, 3406.40188914,-6712.71107178
-23672.68216846,-81610.71568079,-28992.88296473
 19382.82997938,-25113.9660626, 2732.99691991
-46338.41864726,-35221.68883306, 65469.31614061
-2463.78827225,-8628.52199395, 2544.07622097
 8949.09856821, 2413.44697821, 2232.35721853
 3990.18603868,-94.06389264, 2255.35128897
 14560.06728037,-8639.37536329,-11599.83808557
-27162.43555009, 16425.52165759, 15680.58204999
-2532.58678252, 3825.1528392,-4887.97970773
-1608.56393816,-912.42419259,-9315.01735226
 8571.05229957, 1691.15669179, 11468.48235411
-8920.79196579, 1585.88032977, 4978.12820024
 291.32761462,-2359.15623177,-2043.27515394
 13373.0778801, 6043.389971,-21600.08038438
-1483.06199425,-21245.01533887,-13098.80105298
 2408.74939669, 4978.44708197,-7750.10609719
 4656.05225219, 1000.93424866,-6374.82698757
 22369.8828125,-4798.96994624, 14212.03557553
-23572.64935701,-12366.25747062,-43208.47268739
-1822.95799893,-3851.09534454, 3937.15541635
 21295.40266175, 741.31405586, 22996.98800243
-6485.15787546, 950.79688531, 3008.58906006
-12597.42932403, 23287.42360908, 63803.25233654
 4895.93328358,-8606.02690841, 490.45039344
 23534.01621624, 6435.1004613,-41215.39882834
-14777.61978475, 43960.12396802,-32543.12158006
 3597.80039874,-2113.6829856, 4721.16707327
 1509.82167934, 1195.8972498,-527.77234743
 28479.40689234,-48325.79329196, 15430.40570326
 134.42423455, 5118.47685469, 6122.69645835
-2655.86203064, 1306.44019504,-244.49762245
-3138.10766299,-291.87902532,-657.58488868
 17668.59183514, 25009.13101582, 12964.0213259
-6365.62402822, 10481.47470435, 818.75427664
 12315.7236826,-25760.68615804, 11341.31061515
 17653.86172885,-4090.93232732,-4158.97030704
 2434.59547157, 10910.7004248, 21274.87229315
-25829.44027791,-1225.10876058, 20788.18053779
-23797.98660217, 2865.47499172, 16821.63418525
 35528.54265231, 17119.43802055, 32084.83375023
 6719.42759851, 2939.83019244,-14008.14384694
 20261.78708127, 8799.72457141, 20980.95924305
-125.08508303,-11579.97477819,-3241.34204059
-694.90022925,-21865.59690372,-7982.4233707
-49751.72181932,-21832.56679682,-16091.03165533
-4887.09595803, 10397.55374452,-6469.06519457
-8041.38080313,-16585.62350282,-32674.57324344
 6424.09159293, 36968.15412803,-40953.25032989
-12195.65407296, 8802.85137424, 9959.70611511
-37010.76086809,-8074.72649425, 4450.77117352
 3429.16551566, 1360.36392219,-268.87210558
-13573.26986353,-7606.17755115, 5049.85825092
-276.0381715, 3978.54041366,-5493.25226213
-12134.49102735, 22652.86193118, 22116.78208681
 8162.67748626, 6786.67208612, 2010.27698869
-2348.28735696,-1079.07221081, 110.10625727
 10665.29794891,-17532.38995875, 18293.96222887
-14622.5883333,-10599.56773689, 3534.40563699
-15204.96200644,-26466.32639687, 59919.71409231
 6833.6024287,-1974.85472584,-9910.93416426
 7978.39537794,-8292.16253491, 10534.98554908
-4330.18253319,-3091.1050697,-3839.40545039
 11043.32303631, 41537.08776563, 25955.10557683
-17146.56361294,-20559.16784,-11409.79371189
-24243.37310438,-8898.04680038, 1465.50153624
 16431.22423481, 5395.66078963,-12491.68402663
-16509.55870453,-11008.08696407,-22147.33518397
 12616.37149096, 12537.78729492,-2629.02158615
-3287.17186684,-17067.52436024,-4195.93425907
 4745.21010143, 7994.3338205,-4355.17721487
-11192.23616568, 8517.89340885, 57702.72814352
 2201.40937822,-12630.40070799,-9933.28061349
 31779.34981544, 21277.50002294,-28670.77576378
 19773.12794026, 9284.31666188,-9983.37103944
-4127.29282234,-5421.70258854, 5161.83134144
-17227.39472896,-50100.82946762, 34641.16879462
-16155.7113047,-26939.98439214, 12870.20150931
-20430.60938289,-796.01526886,-9547.06605816
-188.62081965,-3200.5053153,-17951.02530521
-3286.02380055,-36322.26422695, 8196.88696103
-24012.35111046, 47705.63919578,-15970.43645148
 11178.76977982, 35109.63020636, 1011.24789411
 3515.59807065, 8272.7346276, 45282.53108515
-25063.45606129,-11720.41431637, 30175.43632885
 1193.81032871,-1267.55654459, 3687.08112542
 16275.00902454, 77464.5931721,-8237.22062968
-1371.64347405,-696.28678672,-8863.26624366
-2985.43016066, 12637.1197193,-20757.07620647
-18722.49255747,-24880.69660193,-7395.54037723
 78065.26598666, 27770.18751238, 36947.55790669
-4935.37096196, 25671.41977022, 14481.67338294
-9864.50608952,-12384.52042613,-14883.5088322
 2988.35398405,-7850.81354205, 9557.13731087
 234.8153993,-73859.10969222,-1922.67556996
-17803.34103034,-800.83777978, 3023.38690833
-2057.53554043,-1448.30895113,-1738.86968
 164.29634994,-1023.80629319,-737.67384263
 13757.85497624, 2640.41369642,-4930.76226688
 17702.10041594, 13565.00606016,-7294.54897561
-15071.3530398, 15398.3869252, 5431.7173546
-1204.18810335,-12597.00258222,-27902.76308374
-5316.84308271,-25586.86360226,-26943.05645792
 9567.99089298, 3781.34623159,-3901.36041624
-8215.06729843, 9184.67001139, 16453.93825013
 1910.55598135, 5447.14594738,-5403.07831457
-2399.82595361, 41778.76403795, 49658.86925614
 1136.66008117,-19215.08312559, 1642.68349574
 2168.50040298,-697.11357097, 4834.37098805
-4454.36601676,-1215.28164148, 1443.07849103
-31147.33383704, 17464.46741069, 16684.40316918
-1397.32097143, 27512.31890507,-563.4698582
-2784.90827175, 227.49172845, 5543.86042329
 1601.98844394,-6631.10855729,-8756.54694896
-54344.55433026, 50661.79184845, 43473.71993246
-10985.61521503, 15721.73699917,-14232.78502722
 287.87423665, 5199.76553297, 1033.40116705
 74641.1994106,-20013.95021731, 10999.58348606
-33190.40013829, 11086.39652082, 8971.97893677
-2059.258929,-3735.13997079, 4056.14344568
-6023.34018795, 9562.45497657, 482.06363404
-4504.91067396, 14251.40534747,-6663.26065463
-9281.85299049, 390.36386542,-32037.01646315
-20361.20123911,-45322.6063795,-18980.77319123
 6356.23445741,-2943.88957856,-2106.15552944
 2778.25750374, 6882.25337648, 4917.44814046
 15453.45431578,-5638.6427638,-24971.52613479
-1369.45140599,-11242.07506561, 12368.04920558
 44821.89025511, 45924.61067177,-20593.07588956
-3993.16294107,-6469.03770204, 9101.03440556
-148.83345233,-2879.86840665,-10071.80440505
 11870.17861862, 13446.17985329, 3583.24426576
-7626.33109897,-12425.14703162, 8487.1481661
-3502.04809796, 25911.22855293,-21335.84579887
 36563.26345258, 31675.32988713, 26378.1349633
-45327.38513254, 26507.76440527,-26450.5320362
 12668.82186555,-4213.98280131, 2679.33680241
 17610.00117628, 8190.39009067,-10305.79847887
 49270.14446683, 12344.44410212,-18805.85943687
 8971.55928141, 14594.48173479,-2006.00981217
 6465.01584121, 14202.36618408,-382.04285239
-2452.27381246, 4778.86031523, 11381.68161915
-13408.17328269,-2569.65351722, 1206.95572895
-772.12012816, 1244.72530276, 1088.29647411
-6678.15461139,-7217.46113858,-154.92620233
 95.03090854,-1226.65796359,-66.86704965
-43487.37560679,-9004.803436, 45318.07028619
-21265.42161568, 9551.6456446,-4824.2559497
-97972.77081129, 2627.43035943, 10339.87782927
 37698.49003005, 4080.03509521, 26647.53512771
 2426.18397767,-6333.43295055, 2177.55149294
-16013.39416952,-19192.35596173, 12986.39420645
 6474.89233469, 284.51220151, 1154.00808122
 26342.85426041,-25169.27862535, 8906.57815634
 14000.73730907, 13996.17229548, 209.32488926
-24386.88142838, 9347.70774163, 10816.16512264
 7473.74853745, 10775.45482646, 9543.91620592
-493.4424803,-80.33626796,-2885.29236826
 53488.39514087, 27404.40596464, 13222.58642629
-369.47439236,-164.51330633,-6721.7003626
-4079.11211211, 2877.65819854,-5261.47923225
 26404.22417452, 2566.60879637,-58703.04309006
-18688.60835151,-34289.04612939, 12096.24669668
-16308.03249382,-14975.34411213, 490.98302086
-4033.05785822,-30594.24939938,-169.85574464
 6895.90826788, 11844.86806123,-11349.43030003
 24581.18452175, 8538.37304837,-18714.33898025
 4816.80570663,-27159.76143112,-27467.10871747
-4845.27448518,-2702.63737352, 7772.0348384
-26841.43684281,-33763.9469379,-10961.52060672
 29274.2760143, 2479.21683227, 4169.52529735
-3543.16044434, 59115.58491764, 7489.53792472
 51377.87278902, 1206.20079733, 21468.01999231
-8056.55042605,-12401.18159235,-10743.52551653
-2961.58885149, 22385.34213029,-15878.94071517
-9082.82621998,-7135.69158534,-6436.08909996
-8284.9196633,-2728.50896928, 487.64339944
-4358.89208999, 8359.62066235,-30182.6892519
-9068.07986237,-10168.99969532, 15535.63675488
-17701.46516089, 22161.11634032, 4510.35466286
-4242.21348054, 22171.54466759,-10796.28478886
 20913.69063209, 17591.69746542, 26015.13318461
 35989.866643, 39410.63264952,-4068.50460598
 2741.31382193,-3477.63780717,-3193.90128161
 3919.02481039,-38226.49262383,-7158.1051209
 11097.50532966, 5656.7242932,-1631.99118125
 23612.33618888,-17411.34020779, 34340.44892604
 2069.37679173, 8695.94775647, 2955.97210802
 40974.93144728, 4612.73834248, 2541.94167928
 2472.09613512,-12741.86880308, 2525.86487872
-2785.54067947, 2186.93834633,-8480.24259925
-4354.52744844,-3290.63531073, 8718.45355151
-4428.7640509,-7539.43006792,-467.48975875
-13562.79593243,-14156.90930991, 16067.86684785
-31406.1997795,-13825.78436353,-11592.17401331
 2341.57276567,-4859.56668709,-3615.29223943
-42884.86267476, 19386.25017182,-29218.9920208
-1769.56796636,-7242.77456414, 2887.59419644
 18472.52550677,-5779.46240488,-24246.16343293
 6087.64845431,-4578.5724986,-8468.47066659
 11412.76202949, 7965.99849891,-2644.66795501
-50730.68601267, 22951.49148337,-18048.55333648
-6366.72793556,-6897.42664887,-4990.86548685
 35941.2711573, 54365.58706619, 12180.56046761
 177.91608903,-1720.88693032, 2404.75442407
 9900.57830375,-12122.49962834,-21786.79079385
 10217.7818867, 1607.43420492,-17034.73377808
 32734.8944096,-6483.22632685,-10944.43815543
 3288.46736213,-1111.08548693, 884.90269788
 2680.92776849, 4182.42222937,-5353.82900886
 15453.97424112,-1788.95692875, 13702.87336537
 3285.65293356, 20262.52385668, 4914.60421522
-23757.59078799,-9431.71365842, 12480.43491096
-4829.92302576,-11034.84313412, 16085.83554978
 19546.12903684, 4743.77318863, 46093.04768087
-1979.20980882, 1623.62711867, 2421.99173622
 16981.33058305,-48601.80627919, 9029.37274069
-6249.4998876,-41211.11975911, 13602.04142399
 88.9278431,-1835.93957798,-2300.34401739
 4181.85714802,-216.53180579, 9630.22952491
-5193.63722304,-7117.72754713, 9731.53519451
-12171.80710757, 16035.88409925,-13271.02595685
-2797.5217171, 8096.65197763, 3907.38662181
 53466.92778669, 17318.13547486,-2986.02255098
-2435.72342753,-26477.99953318,-34549.60468259
 7405.54973362,-33376.35040084,-20539.0925235
-736.39464362, 2095.55006636, 390.33004487
 12278.44293312, 119.16394954, 6409.41937166
-936.31837947, 4705.93733277, 10452.31434201
-12759.08662221,-32855.20605061,-6588.25222598
 3548.93145619,-3992.93847359, 977.83825708
-4446.0063742, 18642.56230805, 13202.38127469
 7732.2945573, 16653.90511143, 195.26807185
 25861.30007676,-4951.62237435, 23863.34436665
-47934.16212421,-30194.70985073, 90.1848361
 13250.07157404, 21754.51111127, 17668.06887912
-4436.40957226,-56542.01896444, 9782.0690458
 7189.48001709,-907.6277308,-7918.75831532
 35106.49574776,-14179.64157507, 415.83628637
-49901.53708231, 5219.11726524, 17524.00710327
 7733.06695564, 10470.48156468, 1175.68349262
 6711.13865826, 16791.05850847,-47728.50070112
 5116.01845802, 5604.62747017,-12364.33757901
 6427.48238819, 25919.3710484,-15072.36298462
-15773.73292145,-18620.49780091, 11386.2191204
 11429.3622683, 409.03347292, 10962.75222291
 28952.90913374,-11929.44517724, 3198.5576341
 30.54003692,-37.69934083,-1929.17023508
 28862.54085521, 43739.07877545, 13427.35363844
 23680.66985587, 13495.93455985, 25800.59468951
 23771.43810325,-36741.0794493,-16344.54685558
 996.14904075,-4326.67387296, 31781.38889693
-61009.50682542, 11984.78118377, 57044.68917239
 3903.32603918,-121.01723013, 2429.36988634
-3343.93637306,-2831.80597095, 19994.43666958
 895.93912655,-806.14448211,-1320.21626546
-14922.75130883, 10267.34058927, 4753.39800127
-720.01360341,-448.31524832, 143.83894687
 9265.76516242, 1681.23236602,-3317.70171609
 3037.6446963,-6417.26547614,-5416.68318399
 1552.24078597, 11137.05078772, 3351.20008618
 1407.59447617, 2782.79124035,-5008.60811232
-1822.14393777, 12105.35716244,-1560.35070861
-5483.52133341,-12016.3768612,-12262.07632576
 5319.35399679, 5399.57304163,-250.16114582
 1551.73866269, 5144.14478562, 3354.30033191
