-1001.81386867, 10074.21532096, 13498.82922727
 2907.05957669,-5808.63540214,-8948.43947074
-4843.65503619,-238.68926969,-3397.93681263
-17298.14987354,-11692.91730277, 11886.24629595
 27456.59483303,-50680.8121698, 89441.16374222
 1507.02697338, 2554.74176954, 1346.38548944
 431.38248201, 1687.45248032, 1740.99469325
-13445.60966483,-14603.62164606, 18747.40911688
-341.48108081, 1677.83890717,-406.38450915
 46091.57448784, 71654.45898197,-15304.78554367
-113.0865907,-4597.47214985, 555.91495229
 3190.01352075, 15225.37045203,-2377.40289709
 2665.60375161, 1270.02830305, 677.58122968
-8328.84091677, 7460.01802882, 703.50575104
 7485.25265443,-1943.73445029,-5568.07302044
 1312.55872534,-7085.0496135, 7144.59450432
-7976.32999975,-24199.73968173, 67183.52582282
-7545.02365497,-29232.82932523,-62702.5500265
-1894.2428614,-698.2161566,-543.94619673
-3028.24691227,-38821.89851836,-56074.02888503
 9321.2459294,-3819.93836196,-1409.59290195
 2350.99810061, 281.34491826, 3101.74499899
-4372.01683399,-11127.81785699, 17730.60472431
-5554.84614214,-1505.85138555, 594.31716726
 12446.38349997,-5396.1841191, 27268.30992208
 1089.43444835, 7932.20208968,-3431.4401131
-22624.2043679,-53589.31583659,-58866.20022708
-14976.72655378, 21542.88438589, 6979.56363262
 10061.78545371,-7629.5874201,-2005.27033071
 21965.14093584, 5422.41446215,-8732.64818936
-88505.13175968,-20099.72004196,-61914.69060638
 24987.07157492,-20125.76268453, 24986.98830003
-44397.48601402,-38300.48508562,-74854.34980503
 79072.5250522, 98211.22212096,-45107.90459181
 135.49652756,-3384.20187037, 864.14491703
 7339.65061052, 17606.36997878, 11942.14950892
-3546.65631729, 2539.87666738, 4664.33239465
 6629.01810592,-10109.77790804, 3409.34346027
-50277.45312945,-46312.62629657,-42806.92656057
-8362.97741063,-6359.07661857,-9128.32760763
 35555.88450396, 17409.54475606,-47154.96171815
-22226.08093628, 27768.09036465,-41102.01464345
-36055.99521153, 18484.60189883, 25157.79356865
 13050.66958439,-725.0394119, 7118.34531134
 1203.392062, 865.43582146,-1522.76773095
 59274.05785874, 58450.56156907, 18468.42665427
-81896.12309301,-21650.88081698, 20059.94612038
-487.3116984,-13685.38912429,-11620.83052438
-6587.25964967, 15985.06835034, 15265.62078203
-19276.4364062,-16886.58525391,-77709.36757939
-27990.63140861,-53835.96305044,-32171.06647005
-21585.88213795, 953.79016534, 28148.60721811
 28075.03775733, 24482.49939597,-14607.02056007
-9602.41423563, 8231.67318632, 5368.50371796
-11549.56538426,-31290.46341651, 13364.52364909
 3379.68242044, 12366.98177025,-2825.05786831
 8312.61190918, 823.86378056,-1739.34944602
 19279.85986306, 38673.61920298,-26733.86219368
-7295.53255514,-4483.54760594, 418.4164313
-26975.73690542, 142.74113669, 10483.58872036
-6620.31381949,-56759.09769903, 10980.84987156
 9217.42076572,-14079.18606941,-13568.74449957
-49889.48843531,-73451.83782124, 21892.02744923
 1219.98268216,-4841.82760117, 7563.11739066
 7512.20349132, 13198.0003261, 3763.96263672
 26244.73772421, 1868.08636884, 4833.75871112
-9681.7326307,-16014.03705562,-37476.53306217
-19840.10780671,-24511.7852262,-13923.8328345
-9171.20612132,-5035.9131802, 4949.76078614
 2482.48405734, 3977.83705524,-22980.09387261
-48789.1880038,-22561.46451264,-11636.23991677
-12635.26285951,-16079.88664791, 6014.92150513
 49186.67714547, 27163.45936784, 14834.88813922
 1024.1189818, 13509.9409067, 35862.65109801
-64.28440933, 6873.4846938,-39317.5291909
-28704.71247497, 16624.99524704,-72767.02171093
-6126.98745376,-20343.68128228, 13897.70077268
-45321.42829688, 29818.53864663, 76770.6933138
 5510.92528298,-10228.45432447, 32678.03088334
-4437.45555919,-6691.80488212, 6407.11837408
-4465.75472691,-21905.48307442,-13465.50044
 57.98030973,-2995.30241585,-3761.41889151
 10395.15682143,-173.25239712, 284.64141349
 1825.56341806, 1522.33556612,-1412.63185905
 25156.44211283,-5120.54065819, 6714.98073332
-1842.25447962, 23126.50640004, 20142.82813538
-4314.32781238,-22952.43966951,-40004.50201531
 16155.76674404, 44646.35596289,-16868.55571382
 576.2052289,-7111.34904199, 2265.37813379
 4249.32695582,-4352.77686314, 10004.491738
 30806.10098851,-18806.27594642,-40481.2956681
-6557.0096637,-7678.63237802, 3837.44619423
-4201.60649118,-9079.89938018, 5999.09995115
-2403.11542705,-548.36187777, 1763.37502655
-77.33433161, 4401.70475206, 8553.00033881
-3109.79984636, 6356.27837794,-1607.58163266
 51787.25454522, 61599.89986364,-45544.42793412
-1331.32820719, 4704.89194855, 1769.81429518
 11937.31878101,-7050.38272634,-19249.73702182
-3874.90414949, 22.35118161,-2795.60210392
 11260.37633084,-30020.38574187, 37758.06796637
-10891.19632926, 79.9993857,-6936.57652449
 7248.02331714, 3324.06106132, 661.33637607
 17127.03879358, 50591.3108291,-35648.21724258
-121.97752861, 5472.65302002, 1421.98799046
 1068.37197859, 4545.56710341, 9604.16687669
-29087.31594179, 23118.23492027, 44304.81615606
 10846.09961063,-4428.49626811,-27900.0938031
-30920.39752338,-4175.15188014,-51437.49478861
 36845.4245466,-13496.14536687, 516.43119961
-2684.43562785, 2172.26909364,-2530.22887461
 1422.9407622, 2997.02369997, 1424.31648988
-218.77447981,-4069.35254349, 3917.60182354
 437.04572575,-633.61647358,-4622.15258584
 30347.4799955, 53039.59638887,-5467.16365927
 6913.96275681, 2872.50790921, 14672.84586315
 7016.83535392,-5369.74987054, 4727.63202958
-2012.38341743,-6689.6629362,-8068.63948773
-20146.31497844,-60400.73024311,-86428.3798192
-87903.1515699, 15205.62728022, 22673.13706777
 18182.73998422, 2388.36705964, 8825.1066706
 1355.27594556, 185.53688438, 2008.80698094
-1416.99142704,-23117.8704788,-28064.69141693
 1794.41486766,-4257.5102974, 10323.03405944
 4896.95240116,-4143.29141842,-10783.23198199
-11915.94075619, 14659.92381043,-2197.08431372
 20114.63515315, 36237.89810783,-7219.22020516
-32668.7763992, 11402.13381132,-86286.05898539
 5139.0944517, 7213.16088615,-4481.14576607
-21237.57076191,-55855.55820836, 31371.35832486
 2221.86272631,-13056.55115729, 8012.99158042
-6041.25598847,-29347.87439718,-19014.36859688
-19115.72216258, 12537.89046294, 1949.95395308
 10419.46477919,-8139.15487307, 1049.46143271
-5186.05160431, 893.94514685,-13574.37088211
 3378.85167716,-8297.97339371, 374.16251982
-47889.09884853, 11860.88516679,-31139.40035519
-5566.51850359, 942.5625545, 10894.28497752
-49402.22842668, 18562.95817671, 25068.33983235
 61053.74638714, 81543.63273568, 16689.37646335
 1177.70299509, 1270.38398421, 2657.00229725
-10416.48022057, 79098.50575681, 36146.518646
 8864.62338706, 14022.87884097, 3037.35834472
 1294.45688994, 5777.58922035, 9781.41922376
 14829.37712831,-9539.54423184, 12598.57687522
-451.9432573, 9078.13571528,-6559.15283491
-5703.16524461, 3022.96234388, 7289.07206084
-653.60086605,-6340.36523798,-920.4456722
-34412.01504277, 19524.36483624,-18960.72538196
-67859.63045793,-33764.79870281, 19378.60700386
 8910.71095792,-4656.48584404,-12598.86502066
 3350.76360486, 7427.35673846, 15532.28686813
-1192.05047925,-326.45539603, 5165.91223168
 11904.22159277,-19213.5906806,-5904.83068405
 3932.82841348,-28613.23402726,-27822.93386026
-24741.92927578, 44670.09680975,-10552.71769444
 438.77982401,-5964.23405069,-3661.53186486
 10785.93522223,-27643.5260454,-10174.05900636
 17562.93023537, 34818.51934606, 27444.03890007
-458.77648827, 2565.6794028, 2278.56274701
 1820.14151639,-9592.24907816,-909.73364187
 2043.45260333,-11591.52972627, 1508.04980473
-54097.70251019, 37182.50437659, 20069.25845133
-8165.31650332,-1337.7627882, 10103.01760441
 1032.3887268,-3883.90063264, 4498.32831254
 6968.10194637,-22505.87070128, 35284.15669159
-13836.11935122, 44587.8388718, 33307.87169317
 13030.74945053, 4570.89320393, 21426.72556059
-2030.54354096, 31496.28616928,-10310.86222167
-5104.83965459, 3992.85628954, 6073.14282898
-26150.49194161,-28815.01416965,-50538.74685356
 60135.72646636, 28686.21696597,-10556.91204051
 38350.37361693, 1316.81339906, 30487.79406149
 34803.18086184, 43529.96166787, 9506.21704901
 62.41241484,-69605.25367759,-3383.52260648
 270.42239644,-7564.29212617, 4416.49831644
 5656.47687173, 2518.17596287,-5581.91846074
 7286.85978441,-31706.28219052, 34085.81571709
-14150.43976432,-27032.48450523, 16547.31606784
-18673.63826035,-11987.47126211, 2689.10058424
 3326.15844004, 7390.44786912,-4964.52436514
 2782.06117108, 1135.86901027, 767.1862882
-31538.15442771,-13043.74000818,-3048.46934267
-8653.95222706, 11320.07132728,-3034.59933476
-2195.98583188, 15796.10237136, 8256.74377574
 2544.29294444,-6770.91214716,-1069.41866811
-7799.37454839, 8951.49453755, 4971.90270436
 10046.97309507, 4041.80997978,-4140.52266742
 5873.22106819, 2299.31238832, 6915.71218275
-11896.4856288, 927.01794996, 15205.47149809
 1604.46253446, 571.43033994,-2404.60105614
-3040.47515241,-490.64868999,-9034.01960366
-1823.07654637,-501.2684715, 1663.97280122
-57.05003031,-15032.49714519,-1960.95827029
-7073.22124725, 11576.96361831, 8216.27917844
 16166.7346752,-7219.3875084, 955.2749113
 1552.59931065,-2075.06697702, 867.78835133
 2330.50619103, 10173.00637596,-19000.25013379
 35665.26044843, 9073.45328929, 1835.35191419
-35119.47970155, 11539.92709451,-1647.73111771
 34652.5185022,-20296.22069976, 46908.11645124
 15730.24496233,-56302.79473979, 99835.50715923
-56236.21886289, 4218.27263622,-80823.67243381
-8078.42341796,-7811.84499214, 5325.4022093
-14306.55352466, 10134.00856301,-15412.70804138
-6987.39553769,-16296.23667884,-30959.1473967
-1321.53850475,-1149.1307751, 2958.55679411
 27547.36445465,-27142.17847267,-40479.614648
-1209.87746499,-3235.71926565, 2710.22968211
 9632.83318027, 41286.20050003, 8790.0746061
 23438.75901228,-8940.52524803,-33584.37340061
 69633.43472467, 37115.82334325, 86731.78357726
 5366.24174951,-42621.5380658, 42258.21042802
 1997.39685169,-1364.46395101, 254.29650075
 11182.90161693,-5080.27744264, 1812.26276854
-10010.48848204,-14964.79043455, 17290.46058773
-39247.25737386,-3184.8402879,-19545.04391531
 15610.5447002,-19792.64773789,-50312.52044133
-1392.62124742, 1713.83697943, 2381.19436347
-104.70481484, 4830.90256708, 4344.15662643
-27719.79466863,-7618.66721255, 12143.0588533
 5169.87296611,-9807.18065763,-4147.87053507
-3234.54589653,-4617.81628906,-8406.02894084
 10.65214495, 5884.39989081,-4577.12657853
-7173.84399671, 3323.62587285,-27427.60657759
 10751.05290612, 13458.9798037,-12335.75591239
-3368.48731191,-5959.79960431,-14969.04379687
-4511.02752855, 19702.44169096, 15507.70018236
 2052.26588707, 1561.92241893,-1753.44184428
 5817.61746746, 3528.80332966, 2395.7052453
 23883.3167681, 27706.93790926, 19205.74165946
-48667.20898295,-78284.77773012, 52674.46336792
-9070.53096554, 2781.05469897,-6438.64148894
-14773.70052417,-12839.33356199,-62400.74663324
 4721.6326565, 15596.05310034,-13803.22817091
-2334.38873787, 19023.45834569, 29174.87559196
 23090.06635455, 78889.10219157,-8537.67891835
 15540.56234723,-10035.80193569,-9882.54454988
 12277.16865152, 20165.52457861,-2737.60595289
 17208.36411647, 22362.11481528, 28305.90789326
 1581.6111349,-4875.08063297,-3501.38677998
-13222.67817287,-8453.1167975, 4934.28464964
-16140.45286057, 26647.50323866, 26124.91546647
-60670.27860758,-18211.38919592, 63414.67829472
-5098.2349162, 887.14377624, 14471.82612575
-27092.70930037,-33472.07152142, 79720.23043606
 7072.34757823,-7916.86979621, 12895.09303326
 1062.89476997, 2262.75951084,-4217.36671213
 19611.84668288,-15048.50289386,-57873.56494757
-2277.76298188, 3825.27252904,-9223.74298327
 3138.69222215, 6987.97342365,-28647.2080921
-22395.50344013,-28596.20015986, 5357.74206055
 54035.82825835, 24545.35831449, 47477.30017936
-3209.22611033,-2812.30133915,-18313.00979019
 7147.73811255,-15453.25789727,-471.29607234
 440.28758817, 2197.30595791, 11708.84535792
-18593.4680239,-28058.89620808,-11559.61354527
 867.5344903, 34485.01087351, 22666.26109295
 10719.89230431,-2583.0175336, 23063.32157891
 3206.34330263, 24379.01413199, 11522.44645358
 32279.96463249,-9384.30621014,-45471.35982939
 725.64066004, 1346.72811938, 1739.21044377
 12882.04432193, 14832.31409446, 1760.47586038
 809.40800188, 29016.13824158, 24.39877866
 21923.59193519, 5252.6255314, 26268.26563913
 57983.15845695, 58273.3516879, 36996.45207208
 33553.22829278,-30567.20329627,-33748.3916777
 11366.01401153, 8261.46109037,-2886.77247283
-288.15283802,-43327.67727915, 70526.35007353
-64412.86140991, 25158.30802074,-11851.88885217
-72407.71360472,-9733.25401485, 41376.78653003
-991.26824043,-64735.09894098, 25584.92459506
 13418.89497657, 7428.55334054,-16557.58081263
-24.97336862,-3643.13922004,-5769.63436793
 14399.32487508, 4229.67854745, 17629.83432703
 509.51090282,-4111.50494734, 3950.87741806
 1398.94891532,-2486.86407238, 4928.10352448
 9800.08207327,-9216.17871659,-9455.08412268
-2472.05192297,-2122.5815487, 3952.79572671
 12533.28493115,-1304.40505263,-380.82819917
 3095.16463986,-538.0278484, 3900.5734886
-9987.7848955,-8986.36012013, 45533.40978231
-7729.70922116, 13737.29642911,-41726.41852079
 2381.84297994, 12671.38517122, 48428.46876032
-3686.12018849, 19192.08317832, 7787.81086351
-60240.034562, 13417.13300437,-38409.18684933
 18883.2361166, 5070.6767122, 21257.0603277
 38199.89658915, 38869.22237608, 72766.26789161
-17.27218684, 2317.98666267,-19207.63720088
-12527.5134549,-15819.7821957, 30566.28298332
-8709.09000521, 6299.14164985,-5081.75046328
 40261.63231253, 18697.08652656, 31176.33120227
-1282.2588119,-3996.44500027,-1634.69634507
-25982.92491026,-1810.44745366, 3471.82005526
 458.04947608,-1894.85436837, 1590.85473742
 1914.19963757,-5538.56140259,-3999.91888842
 9369.03945113,-23601.26203459,-10647.77033527
 21766.42536483, 22558.12280473, 44370.60366934
 30198.01772731, 576.06202483, 11964.35480095
-10832.79804497,-6116.78854434,-1287.8018117
 22003.48711789,-23135.14900934,-8116.89333614
-1117.53739447, 806.45277419, 2567.8391121
-13527.86237401,-63960.60704813, 43202.55986137
-1369.77727674,-1590.28589872,-2261.57523049
 10824.87702566, 28543.32013411, 49085.32804826
 291.29761731,-2262.04308191, 2053.11591916
-293.24359634, 36152.10440689, 48275.9379277
-1466.26811087,-1966.02391341,-856.31891127
 5236.40330554, 8854.44733223,-1505.82569894
-4225.54827103,-2354.92162484,-5367.86905416
 48371.79870003,-4594.063978, 23085.47473063
-13614.43320497,-8048.33894437, 5883.19864824
-4540.26675955,-2481.89730085,-8887.93238936
-14208.18691685, 21926.6979165,-21566.62827124
-61268.74404766,-9468.44887998, 9805.29458921
-4703.31819063,-2287.04823005,-1407.9158462
 5560.70482,-7465.11739206, 11829.01326379
-87390.34441769,-32916.47694067,-15888.07537158
-28063.92739436,-5078.46528939,-5287.59445328
 5636.90804438,-330.06922927, 212.23978294
-12108.90219432, 5303.39467262, 1718.88734485
 4344.77939914, 5577.02060925, 2404.7721711
-10003.56643168, 4118.64063472,-1060.42251676
-53369.53995404,-49837.78425656,-83825.70558038
-8297.64703365, 14470.78340424,-5825.75179256
 33622.26562442,-78.84322223, 787.04370248
 5359.55994509, 1443.88229466, 295.41379171
-2398.58586146, 1495.01503906,-2068.6978316
-4850.9705838, 130.51576027, 1372.48578296
 4022.36422598, 1539.9369755,-693.68632738
 26166.92919962,-10930.10717667,-5362.09329963
 6210.44375969, 5548.67158119,-58616.65682743
-7058.84923336,-9160.94765679, 15474.91665489
-7968.83574551,-17092.98995643,-27125.79710151
-59937.03476313, 34105.49495824, 57237.39796239
 77267.13783644, 53341.2791545,-4321.36886718
 7292.58362923, 7540.15774597,-3490.19270532
 4646.60958998,-2896.0531985, 856.47272964
 25880.74675481, 21236.55507723,-25040.96508116
 190.32080515, 6029.70041579, 596.38900916
 13518.23452131,-522.74188702, 410.47693291
 3307.0651191, 214.55033925,-5473.29473105
 576.32790453,-803.79683364, 4330.68175376
 1299.36823704, 8069.09077641,-2697.27178489
 23656.74381068,-15353.24310174,-26859.79812863
 2037.97518022,-5486.81060042,-1666.61968948
-14607.36589622,-6296.18235396,-6798.29769793
-13978.19127998,-3721.36604021,-6902.30696557
 2864.02528148,-40739.74302785, 40295.51762329
 10238.04829315, 10374.57232264, 8686.72413408
 14174.25670882,-4937.61560773, 5200.95493399
-6071.26677573,-440.98178555,-2046.59001811
-2547.61939737,-860.94347177, 7056.45189202
-16570.46866266, 1075.97690297,-13789.28920677
-85284.99784833,-44257.89565481,-48611.77589085
-24553.9642516,-15228.41062447, 2504.18756581
-49255.7326438, 13142.04462557,-33990.98895251
-28999.57313257, 6973.51761097,-12923.59778533
 42119.96257989, 69823.62711702,-92903.25733543
-48394.90436409, 1860.93253063,-17220.27385822
 17587.91545899,-6371.00631693, 19712.25506076
-36075.22974719, 376.17316548,-9523.30844165
 30923.2545435,-815.75477471, 32609.56166479
-22210.96521302, 64140.5867116, 16396.24023198
 6251.38273428, 2213.4957193, 2553.04383085
 27014.17594295,-54219.03336713,-90818.02652949
 3966.71054058, 41302.88425803,-6510.03634705
-62015.25257525, 11010.23048432,-9166.93565977
-6889.93878227, 4806.8891566,-20618.23458034
-8302.36180299, 1744.57099231, 2354.96127799
 4356.47438227,-14050.48860893,-3281.69833525
-1772.61053114, 1778.92678619,-7975.67093746
 5395.85185738, 4019.59018978,-10448.98321302
-2670.77946873,-10007.10096818,-6057.57729073
 8756.98165729, 4177.35775687, 1108.6335608
-1189.01393319,-1565.96464418, 884.43918203
-1034.71070837,-918.71808933, 3311.52312314
 40842.87958512, 70037.7017233,-82901.6336984
 9299.84774433, 5899.6101956, 2955.20726482
-22156.9244661,-3882.90874448, 2946.28578757
 5396.63765901, 5149.85956562,-4607.45258608
 11592.51641276,-11598.38921419,-3212.15764942
-3596.90572652,-3136.4814253, 10582.63379382
 76.20773345,-4102.07089712,-10158.46750052
-7761.35887799, 3040.75829988,-11596.38243054
 27993.5719486, 12326.79820325,-14655.86865458
 460.99591823,-2056.646298,-1346.61178119
-2657.61203729, 11545.89114159, 17480.5624455
-38569.14296915, 39898.53159669, 2471.16686161
-55553.1803391,-25545.01313899, 65832.34125758
 18510.8234862,-24529.25594436, 30337.1320123
-5488.39296333,-11846.9097745,-8350.9532317
-1371.03375256, 674.24308221,-3460.77647177
 14614.69487841,-6020.27077504,-12458.44290765
-19554.48303483,-3675.29479394,-7851.7700449
 54317.41981912, 32853.10190689, 64657.34563317
-8269.07430548,-1049.80088961, 11507.41504696
 142.77308561,-2055.38131334,-1551.64102052
 7085.68719997,-8663.09838394,-27328.42654279
-2689.0519405,-657.32179734, 2928.60121518
-11366.46610109, 20497.03517495, 9094.97992547
-10089.60780859, 3471.48241717, 10822.41565722
-60719.53153951,-35194.53151792,-8955.85411976
-89556.53170644,-13466.85805248,-19205.67569353
-13559.52266929,-8439.01595611, 12150.71142208
 1413.04090317, 1760.46077538,-1324.14042233
-3198.96230962, 2612.98404366, 913.70957853
 1462.20530738, 16058.98908205,-9681.71369328
 1655.09679962,-4545.46130597,-1454.8299893
 28640.45389079, 46775.80757199, 39718.58871885
-29623.72720365, 14058.43948096, 25573.36919177
-8366.91047137, 32163.19173502, 21700.04727363
 1668.18102294,-2378.27812925, 5052.59346859
 16079.64833522,-68268.35380592,-17249.22939886
-1108.96162655, 12143.34169836,-9003.44763888
-26549.25360482,-4857.36245447, 10423.80361773
 1755.46358011,-23853.57663169,-17353.31039844
-21528.96798024, 27153.27616258, 9751.98896225
-35967.54413586, 30185.00301245,-63810.62041659
-9320.49018126, 16682.98223757, 7164.65395529
 2405.26229466,-8960.43876864,-2142.05341348
-6278.38708334, 3726.28232955,-8081.98416077
 17838.79865779, 4315.55242109, 20925.03024982
 646.02817286, 3721.99628953,-908.33361784
-2147.39691958, 3796.67364349, 877.64551816
-6663.54590515, 19518.35662537,-15062.05525289
 1545.26811436, 495.49107199,-2116.41268949
-1330.2607547,-11470.2594747,-3906.53345195
 9014.26388631,-4737.81541617,-20815.55274452
 6531.47771583, 5760.1430081, 16912.12510947
 2565.93007345,-3569.25462532,-9892.77148925
 4886.25496831,-5237.28413373,-13720.41630791
-11849.18401731,-24740.11711931, 10426.83042566
-41745.16752071, 10818.89834362,-78231.58372006
-46132.52760256,-82117.17199539,-25189.41987914
-39106.68540858,-43540.55165549, 67032.74075256
 27082.0616089, 17007.94133847, 10774.68956579
-819.07227118, 1072.13006935, 869.88696173
-263.82554354, 1576.04676715,-7213.05342628
 7214.61002745,-2547.00422525,-3840.27777098
-422.21828067, 760.28696603, 108.96129314
 7166.96822392, 17109.19037776, 26244.2578377
-2010.95895825, 2338.72398575,-1380.59272774
-9808.89387091, 21565.29452761, 22628.44610422
-31761.47572649,-20876.56375511, 10211.40571922
-2904.29365449, 21850.42901341,-2558.86657629
 3910.62433876,-2010.84487299,-4388.19666943
-19564.76688543, 5564.13135187,-6407.75260198
 23091.99015959, 7338.18873012,-15216.18159841
-4692.9972189, 10189.43091623,-6042.25561738
 1398.82626678,-870.76568181, 5136.26339334
-951.96349497,-11721.37920649, 12687.55389551
 12284.71902237,-17783.95776651, 16650.55564892
 6641.79372969, 6918.02148972,-1237.82437168
-3493.38016084, 3348.58979779,-901.45119994
 9761.1375957, 9561.7549567, 21378.95094918
 44586.05480337,-19074.35727251, 41593.75158161
 12335.32832942,-54934.15218279,-42214.36303738
 1224.72968463, 1397.52458114,-1279.47146544
-8332.87627714, 13590.42812538, 14607.61034984
 10005.50862689, 5656.96111124,-13063.40447643
-35509.48248747,-48717.61083133,-30709.07426226
-5379.82225481, 12329.82042491,-3946.22151918
 5654.74657618, 11753.33408538, 19818.91937913
 1397.22383313,-2871.96536677, 232.22958602
 21978.90631605, 17113.64780647,-27672.12938191
 2278.24389577,-10529.43312169,-4278.4403217
 5264.04373156,-3644.23508812, 3247.46410098
 592.53215329, 2244.29435464,-3108.14258907
 19410.81416681, 22087.72123955,-5358.78583318
 17890.211635, 20086.13877968, 22114.75792641
-4760.69260444, 17263.43731689, 13756.77409204
 2163.05776288,-1306.38454189, 4897.24239626
-4995.37267819, 36485.29604792,-37396.67505677
-49392.80050878,-17339.5542981,-6419.8559609
 2571.72772114,-2751.50178204, 4699.31751818
-8861.24693625, 552.54573018, 9643.59957423
-75420.44379744,-11638.76798857, 42042.59831936
-29674.99657135,-47070.38565907, 23782.52064698
-5922.86464545,-80519.35070752, 19176.96156273
 510.94620335, 367.76549005,-49.5634069
 1865.96586081,-3483.42188295,-1834.36789136
-5273.7682266, 2783.75533413, 13246.99576194
 5014.47169316,-5463.94364808,-844.04173276
 714.61883732, 2051.88382847,-1571.17221671
-12026.2333227,-35704.51116742, 17884.15804708
 18742.47666363, 16400.12351099,-18806.32642529
-1229.64991308, 7743.9839501,-4326.14834421
 54352.75515406, 22683.45991292, 71119.72387625
-572.82739674,-16153.28372505, 3440.73646425
 25354.40777426, 3236.43428101, 35675.4316785
 22468.85591186, 52349.18274867, 1782.26410358
-8223.52968665, 13433.72775165, 63656.83017354
-2134.83520796, 156.24491747,-524.34223685
 5946.3072453,-9146.39149286,-2899.32519912
 1323.88785557,-1035.85206684,-1936.80581916
 8667.18148965, 1433.43080394,-2411.59064624
-12168.07941929,-552.53005039,-3066.47806942
-749.21263589,-2915.06334986,-5.1135585
 22631.72041232, 22158.62101077, 33545.93334501
 13562.75531222, 7880.47747136, 2743.32427876
 20539.64459696, 13604.03414106, 7731.12443485
 26916.60569931,-10061.82905491,-41630.86775941
 5029.27418967, 8598.2931972, 576.72006325
 4679.46417368,-6049.85275866,-10606.78625643
-3630.07618454,-43960.59031703, 22757.15235391
-3680.54576498,-13140.56792696,-11204.42852257
 8751.22435898,-14663.64577201,-14668.79924663
-6146.69816156, 6911.25652398, 5590.24442633
 35012.5864303, 83520.73308203,-25124.9497613
 76311.76084693,-23890.57728509, 46607.62611245
 1289.49362637,-2642.12222785,-1898.87592363
-67633.86894816, 19761.95928976,-39416.58762178
 1647.09672209,-9227.98476129,-5885.26231489
-215.09976499, 8457.00084477,-3598.90518422
-6928.48552271,-1452.68408153, 2744.80575072
-5296.4726874,-18710.5807757, 20491.67551899
-16077.9538056, 5411.15417982,-5633.19897078
-6151.72413752, 38138.18450738, 70245.8201008
 11755.39812356, 66714.01957048, 8826.79044717
 10890.48663461,-6028.54790884, 13838.62258605
 2039.19789738, 2507.93971678,-256.22593065
-36316.53726518, 45583.42571587,-22469.99489089
 1763.57346245, 2410.90252115,-17085.91947897
 48512.42008697, 54041.63264343, 176.00949938
-2386.46901715, 4906.07513759,-2520.58030017
 4738.91645169,-538.01033027,-18165.09195475
-12731.22221766, 36481.58914054, 19639.54995671
 15703.67519826, 6574.74297658, 5305.00409093
 3639.55231289, 4089.8113486, 3134.17935775
 15095.69166216, 30670.73262571,-32945.56062672
 5875.11323217,-5346.42763477, 5466.55992559
 4989.54022792, 2384.36266794,-6781.73495746
-15367.04664519, 7377.31850958,-5236.40711198
-3431.65649641,-6981.75767356,-15850.59965109
-17449.59026173, 9257.99529692, 9695.76318596
-23618.70268078, 4068.43410968, 4275.19890561
-11643.41283874,-7404.47141799,-5031.7081386
-18553.97723647,-1461.08439516,-13597.30141035
 11172.75867589,-11735.60817303,-97832.30922332
-66927.98378172,-1752.08400871, 79363.15448093
 19642.85673357,-4146.35830615,-18660.7443763
 2664.01242282, 515.07533478, 2381.95183404
-3616.83037943,-8842.95291028,-52200.65898521
-4637.63221777, 13608.91720778,-2631.83162918
-5328.59837817, 2380.50865428,-1355.00203585
-48758.30322581,-30567.04217354, 1758.3858206
-5199.88834215, 15501.84026568,-3251.70198532
 23528.86316479, 219.74492295,-76333.12748191
-60240.95606544,-30311.34607033,-73639.36103863
-39194.98905601,-57026.90728734, 29022.88975644
 516.85586213,-10528.2424435, 6560.64572242
 1903.50240096, 5147.28621491, 4516.5479863
 30853.20877755, 12327.61202465,-3211.01371611
 7605.17764175, 14161.00645228, 6005.62913997
-4601.72843168, 223.59578997,-2040.76887938
 13753.69047344, 15591.64949461, 2262.05882183
-36043.22480082, 41479.7789381,-47874.63997888
 8163.00828176,-7798.50245029, 5012.77425038
 5192.03262487,-1909.49414887,-7075.24206006
 959.03895358,-221.25075327,-5261.19976494
-1675.74992473, 7320.87312136, 7844.32901933
-4980.10975025, 6604.42691916,-17600.47885473
 7644.63958769, 1945.90648983, 1681.58842647
 26964.26669996, 1717.33288508, 8881.20958229
-31571.42496408,-21616.74164844,-4885.77479408
-18810.78617334,-38574.31700019,-14037.49435592
 11567.03714025,-17671.29860289,-18387.88399156
-8904.87556769,-33361.56337032, 53638.26356379
-224.86995066,-2189.30256746, 1221.00631677
-135.39106273, 272.15206983, 223.75455735
-90455.8677166,-77117.08466085, 5019.61370991
 14644.46034016, 4918.29734031, 34637.427027
 6398.83904142, 8649.39767577,-7916.16643104
-13525.65072436,-1028.17274053, 22519.23820006
-142.226737,-8590.04740284, 4674.23270573
-11003.75642815,-23627.40501552,-4606.3674364
 5412.63556164, 8852.56772404,-405.3798805
-12736.3799631,-6816.01143304, 6281.29511476
 18136.48941253, 77490.55997482, 27870.21452237
 12594.80681635, 10402.36728045, 4936.04426662
-12267.97982589,-34839.8725131, 23580.52823954
 48297.29682846, 19868.76321534, 23222.16278255
 1294.73590537,-387.24184982, 2714.53718446
 38709.01907697,-53319.62298751,-22015.15187696
-351.09723588,-7489.5024491, 1013.83514793
-7111.62120781, 8748.79791705,-12044.16801695
 17113.99998171, 7381.26586457,-1396.76691712
-1835.96184029, 65290.1764424,-88664.82246485
 20701.79308364, 56547.38240162, 8805.02744083
 14250.58154103,-15422.9386322,-34832.94339019
-55321.49454614, 10783.17274583,-19442.13049106
 10461.78901515, 7441.70391765,-50107.14458483
-16137.66600758, 1585.96863051,-25863.40110418
 4288.41128063, 26753.89196392, 88007.42733512
 1968.24985893,-7692.52261817, 2716.86979999
-1321.44340911,-3914.76010243, 2621.49649227
 4467.56913186,-1343.02351354, 11084.5396906
-26788.0507774,-38054.0334741, 8167.25856774
-26180.4651861, 18890.39707517,-93749.91554472
-5204.10313086, 2511.06910095, 8293.4374511
 6427.28052913, 3679.47613852, 2513.88247487
 6441.79687304,-15699.88776627, 1863.5599654
-10940.15042486, 429.9539722, 3512.49857353
-263.79804076, 2608.10859418,-11816.16895385
 1390.64575922,-638.05625203,-1143.20404208
-4638.1693905, 4711.60227845,-30058.52453742
 104.47437183,-13038.66314369,-5041.1985146
-44348.09463607,-75547.9775813, 47105.08584065
 4667.74921521, 4432.47683321,-6558.09334418
 1555.94782739, 1746.5233515, 1834.20388255
-9984.42080414,-1279.39803755,-8485.00560831
-2254.1481322,-17388.36681321,-31399.68474644
-34874.66269641, 38236.03666878, 7414.54136027
-1036.81339219, 1441.4512095, 5651.22376803
-9144.48435895,-628.92063257,-3838.14399676
-1389.08569056,-4053.98449054,-3685.11586579
 60131.15084038, 59348.81299562, 10606.72348353
-9799.01610405,-4978.76294311,-65409.17603106
 235.08855822,-3833.41600205, 17919.42169668
 1554.97896925,-2183.79661467, 3678.7302085
-7023.48622014,-21842.40086022, 13712.56372048
 99.14085631, 15922.70855287,-39.55033275
 12651.43622238,-12955.66886729, 884.80812034
-23981.77730076, 13147.54963577, 14595.91801269
 5031.71587105, 4047.23300076,-3401.21809085
 5853.21737157,-57051.07100859, 38570.84481619
-53844.14647281,-76127.56785699, 84902.66362228
-39545.33313294, 25669.28968267,-45623.63404707
-25294.25520168, 16052.87943844,-87246.33914884
 9573.01742878,-40036.62483145, 20553.86145771
 573.99110653,-2514.7899305,-1522.65136033
-2671.25445175, 36.20312602,-1844.35746036
-6702.09735735,-13034.24226524,-12456.12649512
-23168.83259903, 5161.03581417, 6872.53698987
 871.51242927,-6506.52674867,-9342.60187848
 5983.26011893, 15025.21534161,-8879.81047812
 4264.78027047,-1067.72831547, 6248.54956989
-16738.56837448, 61447.57971938, 39464.75925458
 17274.2227582, 27322.77942725,-20951.69602084
-37732.66482443,-7364.46894613,-30026.22555625
 1935.31025539,-5792.2824348,-1947.87973016
 14739.13589922, 86932.4413353,-34856.83258476
-34706.15533453,-18376.28977252, 20934.90592023
-568.49291005,-23985.93678025,-5820.83294946
 265.67458455, 2117.8982302,-2217.88249171
-1155.93350337,-1115.14808138,-36.35676869
-83464.87078225,-18767.7502956, 79034.46146811
 27280.20678172, 19632.81842365, 31619.31193549
 33245.28617107,-2449.34166102, 8764.94685521
 6279.11135353,-2098.98482172,-3753.37718344
 10385.30451176,-2002.18221505, 2897.65709382
 3189.42864799, 1642.78745569,-5733.89762909
-2806.93434862, 9712.04149553, 6796.04006654
 7336.2791652, 4498.60641606, 74247.5754797
-1529.70245748, 17352.14695095,-98111.01920805
-12414.16371614, 5830.62781456,-3547.10849911
-17727.53364884,-8704.72883824, 29760.00876638
 399.80691195,-213.85418896, 2245.46742425
-87747.70999264,-15597.74602369, 11440.26505112
-2766.65221879,-9834.64242693,-2096.78174932
-6558.37605943,-7083.78927601, 4996.68269875
 3587.38991981, 297.52185264, 4879.27225765
-24891.08376631, 509.3359025,-2257.23411108
-9275.4457219, 17811.76296187,-3213.33990916
 38800.72591702,-11785.13508364, 30999.17656687
-640.10498424, 1025.76802605, 1018.99579628
-10489.03338613,-9751.92343108,-20858.08353707
-35251.74097512,-31152.62856011,-11650.75322508
-7429.18873889, 518.53394805,-1981.14316747
 942.87775613, 9507.51962075,-12169.89209367
 4507.47049296, 15445.19152855,-2374.70706474
-62483.11577013, 11926.17024941, 25992.14068413
 3652.20557728, 3498.96628713,-3323.76920921
-8978.26455413, 1965.89293916,-11279.11979327
-21995.73375116,-1634.49862218,-6484.32009147
-3575.43201592, 7725.39915837,-7557.67616125
 5989.47166319,-5601.42275172, 709.14717415
 71476.59108361, 50394.60539335,-35027.85225598
 76763.60122841,-6298.20179002,-55128.56018367
-19752.04384265, 20949.32803691, 11516.45755209
-10517.12740098, 4498.02759848,-10340.24744676
 22113.79338938, 53461.59671838,-24499.09613578
 8772.62386691,-21336.68511112, 1162.27837801
 70909.73007648,-17288.98819367,-55262.3384894
-3534.41553535, 376.37316056,-1132.92394099
 32686.91761527, 4840.04263888,-73166.49054798
-2331.96397891,-8533.45618596,-1321.1238494
 7718.87136325, 12495.33001064, 35134.05004464
 8766.33921228, 1757.84599017, 2961.93506967
 8736.26450316,-3162.81534439,-1322.38934095
-30632.00095298,-29285.19856928,-24899.64699738
-549.23370195,-8331.94652918,-448.01281992
 28073.02329389,-37454.89406073,-44585.17745954
 11272.62709807, 903.08769862,-4443.1069466
-19811.56056581,-23624.02581617, 952.40692226
 9780.85487247, 69275.33428411, 53033.6036634
-6711.20715506,-3508.75545069,-33613.7752245
 61296.16667993, 5546.29644416,-11925.30433561
 3106.52187547, 1795.41461704,-21185.75844239
 437.7307781, 7790.0333311,-3179.26476721
 4515.30551295,-1483.42306561, 894.44293542
 40191.47947862,-9198.7632885,-55578.36145206
 1076.47341787, 1416.87261466,-7017.24767709
 36786.7063268,-39283.74665178,-38994.5854545
 23861.62140544, 11761.99328245,-57680.24323897
 25849.5588647, 3799.24184336, 18602.65503645
-16208.81210257,-11301.00497903,-24096.48403838
-1259.50377284, 528.88899682,-310.57802566
 2283.87652809,-12698.30219919,-10370.98983122
 7643.49019672,-4262.12106958, 14.44947463
 9337.3604527,-10440.22075902, 15528.5360366
-5765.39445284,-15919.23870037,-5203.11446686
 1037.11779689, 1602.27369818, 2232.44269709
-43690.47499962,-71252.79981073,-70692.5262002
 12412.97037823, 79765.21850969,-31024.26958543
 10336.72966933,-2940.27313829,-2140.33578722
 52801.23332192, 40314.82555237,-10779.76876862
 16780.37661293,-6872.34964902, 16485.62621685
-29347.99664968,-29182.95397681, 75714.37758484
-26548.30556,-8463.2330184,-25835.94440872
 13321.01939348, 2802.93680574,-8563.20789532
 14854.26429902,-43617.96459144,-74383.00607189
 11713.53746102, 5900.45609687, 28191.10188003
-5761.55290701, 6358.97652003,-3225.70978835
-2073.97187338,-2573.71475795, 3190.37944389
-11198.47645637,-13718.9834592, 17049.74142773
-95880.06304129,-88935.97642723,-45677.16372946
-28784.82600518, 20709.39851659,-3539.75094886
-3012.55349632,-31454.21440297,-1792.80028934
-17713.20762707,-40400.83981647,-12247.81874785
-233.65207627, 7722.95610086,-4143.43838738
 17634.65900184,-58712.73388897,-36121.5390983
-3162.81299002, 4960.49924318,-433.99761844
 46752.71722587, 722.64819692, 78481.62026993
-22766.7279998, 16625.62333179,-3218.85851241
-1353.25357728,-1419.96112433,-1924.44381934
-9132.62891753, 1362.90957559, 7247.40421768
-10157.13398129, 9813.50036214,-11392.02368176
 7705.81048472,-4507.36312369,-470.51180868
 558.09818546, 6826.0196026,-2201.8078924
-6357.16706535, 857.57331575,-4109.33605574
-377.80394198, 6782.72160637,-167.14729181
 55732.77921587, 26661.92789225,-20365.33261992
 800.10144007,-1103.01655447, 584.85332117
-28.53976455,-1497.65792067,-4593.44509488
-3202.14839627, 2079.55726313,-16154.2590603
-3942.87477124, 18335.57266791, 11967.58553523
 23332.71767291, 7607.21712013,-32.94183941
 35712.40723319,-5893.2347895,-14788.36697707
 16300.42069778, 22418.63081164, 11778.0854204
 52131.8651332,-10108.10419976,-80536.33507503
 11708.43680054,-3462.69865164,-8261.90670789
 661.60402843, 12934.30956747,-15385.20011984
-7878.36684011, 15700.41448477, 92156.10382294
-37814.13615467,-2304.30867947, 32744.51840727
 302.10803521, 3815.76129452,-10123.31475021
-9062.79215975, 54552.59240367, 4798.86975732
-4713.1420422, 10157.40605951,-3891.57747404
-50439.65150214, 19629.75503564,-24362.19399997
-3672.97641943, 7457.71029247, 8406.43669273
-16133.27248192,-6688.48388279,-779.73817107
 2002.46888204,-293.33228743, 6115.9148295
-3212.02738475,-2075.00667584, 2761.96388217
-4986.73641315, 9184.33779167, 3576.27284288
 23234.44615052, 26889.62535941,-5574.30014812
-23658.62108736, 42780.76278407,-74490.52386579
 15842.60334719, 7502.35090055,-11452.33560477
-20569.18542822, 6340.39393956, 4120.58922192
 47647.67968475, 11791.3663901, 75364.00140152
-14036.70615595, 2393.96645976,-9384.24773888
 1238.87222665, 13178.27299194, 14894.6790345
-7018.35687259,-53641.17132541, 24906.807518
 63305.35307916, 38774.24511944, 21349.36652468
-18071.95177402,-14097.8719557, 29390.45152016
 2257.67601537, 5454.99801732,-4635.96072179
-3980.88892819, 4249.25320663, 837.33798075
-8131.69328831, 27753.61630769, 37673.27337744
-11478.63799692, 4814.24666526, 3657.50137784
 2934.5252046,-2529.86762385, 3451.88688286
-26592.16081835, 36022.70738926, 78901.82296326
 6218.8858128, 12.40217477, 4538.98549137
-11081.81691497,-7987.75264308,-5317.59566014
-2124.59108705,-4249.02019664,-17962.33213369
 8062.06343462,-31583.6131041,-17631.96015314
 47081.50736994, 8168.69213107, 53780.29621769
 1990.86589262,-10212.88231629,-779.9609992
-34113.02465572,-24549.44245333, 7873.65110486
 18098.41397638,-18717.41529667, 7116.23326563
 1097.69969635, 666.29578097, 4140.32602557
-47124.29152203, 5363.78083019, 10405.46250374
-7611.97503695,-7187.11981503,-4314.32741163
-1412.97726753,-4008.60450522,-271.51352409
 3612.93134863,-1988.52041071, 191.27509149
-56436.68701829,-36342.86982866,-1953.03984298
-42153.59851405, 8637.30089138,-50277.69431445
 1875.99917489, 108.522627, 4927.77352982
 10997.44155508, 6822.53784636, 14248.14457551
 3146.86994746,-5220.37600588,-9832.87813329
-28652.61212234,-28606.19597311, 69016.15954272
-155.8034946,-11113.28222694,-11807.92202243
-5975.39874364,-16004.4475939,-8143.59638095
-3562.13199536, 605.67049956,-823.00087901
 1191.26702432,-6523.21865923,-1823.48800433
 8251.50833596,-27987.45600331,-10521.81822406
 18776.08069009, 1676.52534728, 31839.30720549
 2956.36781322,-12151.46934216,-9863.55083595
 82.14291911,-9951.8151326, 5897.05119743
 13212.35327794,-47471.18885143,-59234.46840293
 21476.36147208, 33144.35062207, 20539.8301231
-1267.29336045, 2579.71302188,-708.27443664
-23157.54720763, 7749.97097014, 2675.93529301
-3752.77021944,-3614.96781523, 1226.75306135
-30176.56367346,-12391.85793099, 13039.35852037
 7040.48557326, 10086.64893945, 3378.55181145
-6963.55219273,-56879.12867362,-27098.7936728
 16247.99402301,-12690.38759933,-5230.06890746
 4859.82626764,-2691.94097117,-9658.4340823
-4514.42564607,-8052.68809582, 15135.53779839
 1900.53680832,-4313.95083295,-985.42214992
-37698.17801287, 24208.51257143,-5989.21017011
-4535.55043265, 7720.69430605, 6753.19591794
 3150.1531585, 709.83721359, 1652.32434009
-1192.58997055, 4116.74311766, 731.17605393
 53094.00021816,-30617.79577333,-81272.16688177
-1090.22576887,-5142.86215604, 549.43517804
-8251.37206119,-1337.61029746,-3003.12495878
-4764.54128276, 4187.63869035, 12820.17613724
 3740.98726958, 2372.08186614, 430.33396751
 6010.11860312, 9657.46253222,-12392.00857315
-7492.21942603,-8026.57047261,-6047.2584218
 1796.00108905, 2983.83257469,-6165.45653847
 1318.00981462, 591.96463287, 1757.9780002
 341.65261672, 514.76587243, 1789.15165284
-15443.66263933,-35184.18754712, 28319.30112956
 28086.53830314, 20091.5808789, 25188.6968127
-15625.86653742,-2869.93984847, 12021.73288536
 54858.25631603, 60519.73306078, 34108.95082762
 14628.80107455, 3287.92618251,-11808.14756426
 2921.16076245,-3387.516391,-1804.23340367
-21261.35323241,-15393.87388748,-2396.15948919
-37681.73474948, 8569.41156328,-155.71239587
-56217.32752906,-36513.57534288, 41919.92979649
 880.18408675,-4372.45037447,-22149.11015197
-61963.69667983,-64246.85435698, 91375.95058161
 15895.27299246,-5805.6752334,-36902.87812319
-2009.82262303,-14918.42134303,-16778.05654762
-8201.89723474,-41252.76142916,-3808.70814357
-18967.58852382, 35060.03291461,-1015.50006317
 12601.20962605,-3233.10430802,-6401.65478641
-2196.71283338,-4922.25601183,-3063.04520665
 3901.73928808,-406.21295111,-4585.01386249
 10481.81854859,-24921.32503318, 15388.4372938
 12243.14584154, 3855.33998444, 18546.15500945
 3539.80446872,-5127.12684407, 3059.3559692
 31573.41316094, 27168.98689916,-7338.91998764
-2125.52434921, 284.46377314, 2847.09148071
-4817.29085099,-18348.51561503, 908.56331521
-7783.47121858, 3256.04478314,-26496.57653476
-6518.19005771, 2067.34491407, 12974.86718271
 13691.20873141,-3254.6173328,-16780.65675253
 2326.35324347, 11940.4234402, 1624.19093123
 20681.58872344,-13511.30710349, 40850.31924043
 42805.575251,-11593.64785454,-58604.62469784
 863.8370912,-132.74056503, 739.34556282
-1133.59743052, 1434.16520509, 21915.40714229
-42640.94830086, 12289.70034582,-14887.71249297
